alcohol,citric acid,sulphates,chlorides,Total_Acidity,pH,Bounded_Sulfur_Dioxide,OUTPUT_LABEL
11.9,0.36,0.4,0.034,7.55,3.25,147.0,1
9.1,0.51,0.51,0.047,8.245000000000001,3.09,117.0,0
11.0,0.37,0.5,0.034,6.91,3.25,54.0,1
10.2,0.27,0.4,0.055,6.33,3.16,60.0,0
12.8,0.34,0.38,0.022000000000000002,6.02,3.22,63.0,1
11.0,0.2,0.53,0.031,6.33,3.41,110.0,0
9.4,0.24,0.54,0.064,6.97,3.32,97.0,0
10.3,0.35,0.77,0.038,7.6000000000000005,3.49,86.0,1
12.3,0.32,0.26,0.031,6.34,3.25,93.0,1
11.0,0.26,0.6,0.047,6.4,3.48,77.0,1
11.7,0.38,0.46,0.031,5.609999999999999,3.34,87.0,0
11.5,0.38,0.32,0.043,8.120000000000001,3.12,106.0,1
10.4,0.12,0.48,0.05,6.699999999999999,3.42,65.0,0
11.5,0.37,0.37,0.027999999999999997,9.110000000000001,3.2,73.0,0
11.5,0.31,0.6,0.027000000000000003,6.96,3.26,57.0,1
10.6,0.28,0.42,0.031,7.25,3.06,95.0,0
11.3,0.24,0.64,0.045,6.83,3.15,102.0,1
11.2,0.45,0.49,0.027000000000000003,5.44,3.55,107.0,1
10.9,0.31,0.65,0.046,7.01,3.07,81.0,1
10.5,0.37,0.44,0.051,6.42,3.49,187.0,0
11.0,0.29,0.63,0.045,5.62,3.76,83.0,1
11.4,0.31,0.69,0.035,6.79,3.27,55.0,1
11.1,0.45,0.33,0.022000000000000002,9.08,3.01,35.0,1
11.0,0.49,0.32,0.034,7.52,2.99,105.0,1
10.9,0.47,0.42,0.037000000000000005,8.6,3.21,103.0,0
11.2,0.34,0.46,0.045,7.34,3.16,126.0,0
12.5,0.21,0.45,0.027000000000000003,5.489999999999999,3.5,57.0,0
10.9,0.28,0.45,0.039,6.88,3.11,86.0,1
11.6,0.42,0.38,0.036000000000000004,6.5,3.13,100.0,0
10.3,0.33,0.48,0.048,8.34,3.16,95.0,0
9.0,0.12,0.35,0.05,7.48,2.86,63.0,0
11.0,0.18,0.4,0.031,6.06,3.42,74.0,1
12.9,0.26,0.56,0.03,6.4,3.08,63.0,1
9.5,0.56,0.68,0.044000000000000004,10.92,2.87,144.0,0
10.7,0.23,0.41,0.028999999999999998,7.97,3.37,89.0,1
8.7,0.73,0.88,0.044000000000000004,9.01,2.96,164.0,0
12.2,0.32,0.74,0.040999999999999995,8.33,2.92,149.0,0
13.0,0.39,0.38,0.032,6.890000000000001,3.31,57.0,1
10.3,0.34,0.56,0.059000000000000004,7.01,3.33,164.0,0
11.2,0.28,0.27,0.045,5.8500000000000005,3.22,94.0,0
12.0,0.35,0.39,0.034,7.84,3.16,114.0,1
10.5,0.49,0.59,0.043,8.76,3.13,54.0,0
10.7,0.28,0.44,0.044000000000000004,5.88,3.35,106.0,1
9.3,0.56,0.49,0.053,6.859999999999999,3.11,109.0,0
10.8,0.3,0.54,0.038,8.620000000000001,3.13,77.0,1
10.3,0.48,0.41,0.057,8.46,3.15,67.0,0
9.9,0.24,0.41,0.057,7.71,3.2,122.0,0
9.6,0.32,0.67,0.039,7.16,3.3,114.0,0
12.4,0.29,0.38,0.026000000000000002,9.084999999999999,3.01,82.0,0
9.3,0.12,0.5,0.054000000000000006,6.5200000000000005,3.16,91.0,0
9.0,0.38,0.44,0.057999999999999996,7.430000000000001,3.09,139.0,0
12.0,0.58,0.6,0.034,5.779999999999999,3.51,100.0,1
11.8,0.33,0.31,0.027000000000000003,7.12,3.11,51.0,0
12.8,0.29,0.36,0.037000000000000005,6.59,3.17,108.0,1
11.8,0.4,0.3,0.031,6.319999999999999,3.03,86.0,1
12.0,0.49,0.34,0.035,8.63,3.04,73.0,0
12.8,0.34,0.45,0.04,7.92,3.14,74.0,1
11.5,0.23,0.28,0.034,5.06,3.46,88.0,1
11.3,0.28,0.54,0.038,6.24,3.3,73.0,1
9.6,0.51,0.52,0.05,7.3,3.07,128.0,1
12.8,0.49,0.67,0.044000000000000004,7.909999999999999,3.08,104.0,1
12.2,0.21,0.48,0.037000000000000005,5.01,3.66,95.0,1
10.7,0.31,0.64,0.046,6.930000000000001,3.33,66.0,1
9.2,0.37,0.42,0.048,7.6000000000000005,3.03,147.0,0
12.1,0.29,0.4,0.031,7.36,3.12,83.0,1
9.0,0.58,0.51,0.044000000000000004,6.46,3.15,73.0,0
12.7,0.42,0.51,0.044000000000000004,7.869999999999999,3.31,81.0,0
10.8,0.07,0.28,0.03,6.8500000000000005,2.97,121.0,0
11.7,0.28,0.38,0.03,6.01,3.31,64.0,1
13.5,0.37,0.43,0.040999999999999995,7.54,3.07,93.0,1
9.1,0.3,0.49,0.053,7.590000000000001,3.14,180.5,1
9.8,0.16,0.49,0.048,7.67,3.09,111.0,0
12.6,0.49,0.44,0.038,7.51,3.32,108.0,1
12.2,0.29,0.43,0.036000000000000004,7.32,3.38,109.0,0
8.8,0.66,0.5,0.046,6.34,3.14,138.0,0
10.4,0.22,0.49,0.048,7.21,3.34,130.0,0
12.6,0.31,0.6,0.027000000000000003,6.89,3.24,57.0,1
11.4,0.28,0.46,0.027999999999999997,6.84,3.34,93.0,0
9.3,0.27,0.59,0.061,7.390000000000001,2.99,103.0,0
9.3,0.42,0.34,0.067,7.515000000000001,3.19,107.0,0
10.0,0.22,0.58,0.04,6.5600000000000005,3.49,108.0,0
9.6,0.47,0.28,0.037000000000000005,10.47,2.89,28.0,0
13.4,0.31,0.29,0.02,6.64,3.22,50.0,1
11.45,0.29,0.39,0.046,7.74,3.04,50.0,0
9.2,0.22,0.5,0.05,6.859999999999999,3.06,116.0,0
10.6,0.3,0.39,0.036000000000000004,6.21,3.18,80.0,0
10.6,0.28,0.43,0.038,6.13,3.59,133.5,1
9.1,0.31,0.54,0.051,7.04,3.06,126.0,0
12.4,0.36,0.31,0.031,5.51,3.14,99.0,1
9.5,0.19,0.41,0.048,5.784999999999999,3.26,74.0,0
9.9,0.34,0.61,0.045,7.555000000000001,3.18,140.5,1
11.0,0.31,0.52,0.043,6.27,3.28,116.0,0
9.5,0.25,0.52,0.048,7.505,3.36,47.0,0
10.8,0.49,0.44,0.048,6.545,3.56,110.0,0
10.7,0.32,0.54,0.04,7.12,3.34,88.0,1
11.6,0.4,0.95,0.040999999999999995,5.81,3.22,66.0,1
12.2,0.26,0.3,0.034,7.0600000000000005,2.99,84.0,1
9.2,0.34,0.52,0.052000000000000005,7.78,3.11,124.0,0
10.0,0.23,0.54,0.051,7.47,3.36,205.0,0
9.6,0.29,0.47,0.044000000000000004,7.94,3.06,155.0,1
12.2,0.36,0.31,0.042,7.03,2.97,82.0,1
9.9,0.15,0.48,0.043,5.44,3.24,102.0,0
12.0,1.0,0.5,0.032,8.13,3.29,122.0,0
12.0,0.32,0.46,0.048,7.1499999999999995,3.28,68.0,1
10.6,0.2,0.43,0.032,6.51,2.91,82.0,0
11.5,0.4,0.62,0.037000000000000005,7.57,3.05,127.0,0
10.9,0.26,0.37,0.03,5.79,3.25,64.0,1
12.3,0.27,0.59,0.034,8.1,3.21,68.0,1
9.5,0.74,0.54,0.044000000000000004,6.76,3.18,156.0,0
10.5,0.37,0.58,0.031,6.26,3.4,60.0,0
12.0,0.31,0.31,0.036000000000000004,7.31,2.98,95.0,1
10.2,0.28,0.64,0.034,7.31,3.35,88.0,0
9.4,0.24,0.49,0.158,7.01,3.17,97.0,0
12.4,0.45,0.6,0.028999999999999998,6.5200000000000005,3.25,57.0,0
8.7,0.4,0.5,0.048,7.08,2.93,119.0,0
9.2,0.49,0.43,0.046,7.96,3.01,134.0,0
9.1,0.34,0.53,0.067,7.359999999999999,3.07,154.0,1
10.4,0.24,0.38,0.121,7.47,3.17,130.0,1
10.0,0.4,0.76,0.036000000000000004,7.75,3.14,88.0,0
8.9,0.24,0.45,0.047,6.28,3.1,69.0,0
12.6,0.27,0.6,0.027000000000000003,7.32,3.15,85.0,1
9.0,0.42,0.4,0.051,6.15,3.02,136.0,0
12.8,0.29,0.65,0.025,7.32,3.15,89.0,1
11.0,0.38,0.3,0.044000000000000004,6.62,2.97,92.0,1
13.0,0.29,0.35,0.032,7.71,2.96,48.0,1
12.1,0.33,0.43,0.032,6.32,3.1,68.0,1
12.8,0.29,0.39,0.040999999999999995,6.26,3.22,107.0,1
9.2,0.82,0.42,0.149,7.430000000000001,2.93,39.0,0
10.9,0.31,0.38,0.028999999999999998,7.68,3.03,107.0,0
11.1,0.44,0.34,0.027000000000000003,7.46,3.02,101.0,1
10.3,0.36,0.46,0.049,7.779999999999999,3.6,85.0,0
12.7,0.34,0.39,0.032,7.4,3.16,102.0,1
9.1,0.28,0.5,0.055,6.75,3.42,151.0,1
12.8,0.24,0.59,0.025,7.46,3.34,70.0,0
10.9,0.3,0.69,0.033,6.140000000000001,3.39,64.0,1
13.9,0.28,0.29,0.038,6.04,3.1,36.0,1
11.9,0.26,0.81,0.033,6.34,3.19,73.0,1
12.5,0.3,0.63,0.036000000000000004,6.83,3.25,54.0,1
11.9,0.36,0.4,0.034,7.55,3.25,147.0,1
9.1,0.22,0.5,0.061,6.6049999999999995,3.08,115.0,0
12.0,0.4,0.53,0.032,7.01,3.18,81.0,1
9.1,0.31,0.52,0.043,7.090000000000001,2.93,129.0,1
9.8,0.29,0.38,0.039,7.12,3.19,57.0,1
11.6,0.29,0.41,0.038,6.78,3.32,81.0,1
12.9,0.34,0.45,0.04,6.97,3.24,73.0,0
10.8,0.4,0.38,0.045,7.44,2.88,75.0,0
12.2,0.37,0.45,0.026000000000000002,7.05,3.14,64.0,0
9.3,0.32,0.5,0.047,7.79,3.1,161.0,1
9.3,0.31,0.38,0.138,6.859999999999999,3.2,127.0,0
12.9,0.32,0.33,0.042,6.7299999999999995,3.28,88.0,1
10.9,0.28,0.45,0.039,6.9799999999999995,3.11,84.0,1
10.3,0.3,0.45,0.053,7.7,3.12,118.0,0
11.4,0.52,0.53,0.043,7.869999999999999,3.02,124.0,0
12.8,0.74,0.52,0.033,8.1,3.29,123.0,0
10.8,0.36,0.54,0.035,6.99,3.15,66.0,1
12.89333333,0.24,0.44,0.035,7.11,3.12,82.0,1
9.0,0.28,0.39,0.051,7.15,2.96,120.0,1
11.3,0.28,0.34,0.03,4.97,3.38,89.0,1
10.8,0.34,0.62,0.039,7.15,3.32,156.0,0
12.6,0.27,0.61,0.03,7.01,3.16,113.0,1
11.3,0.24,0.43,0.031,8.14,3.12,126.0,1
13.5,0.4,0.45,0.033,7.46,3.2,92.0,1
9.7,0.34,0.47,0.055999999999999994,9.23,3.13,157.0,0
11.1,0.25,0.44,0.057,6.5600000000000005,3.23,104.0,1
9.2,0.31,0.5,0.045,7.590000000000001,3.1,154.0,0
12.4,0.49,0.38,0.033,8.05,3.14,144.0,1
12.2,0.31,0.58,0.031,7.32,3.38,77.0,1
12.6,0.32,0.31,0.032,5.27,3.45,120.0,1
10.4,0.6,0.59,0.037000000000000005,7.090000000000001,2.92,116.0,0
9.0,0.24,0.47,0.09300000000000001,7.71,3.41,162.0,0
10.5,0.4,0.35,0.046,8.7,3.0,75.0,0
10.5,0.27,0.37,0.037000000000000005,7.3,3.04,86.0,1
12.6,0.3,0.63,0.028999999999999998,7.12,3.33,65.0,1
12.6,0.15,0.59,0.028999999999999998,7.57,3.3,60.0,1
12.9,0.34,0.45,0.04,6.99,3.25,67.0,0
12.9,0.39,0.64,0.031,6.180000000000001,3.08,100.0,1
11.6,0.34,0.46,0.049,7.2,3.25,124.0,1
10.8,0.28,0.56,0.047,8.77,3.1,112.0,0
9.9,0.74,0.46,0.038,7.0,3.21,122.0,0
9.2,0.39,0.47,0.052000000000000005,6.74,3.11,104.0,0
9.7,0.39,0.3,0.064,7.57,3.29,160.0,0
11.7,0.33,0.44,0.035,7.6000000000000005,3.17,99.0,1
9.4,0.33,0.52,0.043,7.3100000000000005,3.2,124.0,0
11.0,0.27,0.39,0.022000000000000002,5.43,3.36,85.0,1
10.3,0.39,0.53,0.044000000000000004,6.4399999999999995,3.26,90.0,0
11.0,0.41,0.59,0.048,6.29,3.09,94.0,1
11.4,0.28,0.57,0.042,7.3,3.2,156.0,0
9.4,0.3,0.48,0.036000000000000004,6.16,3.58,76.0,0
12.4,0.35,0.32,0.038,7.260000000000001,3.0,88.0,1
10.7,0.0,0.5,0.033,7.36,3.15,43.0,0
10.5,0.32,0.44,0.047,7.45,3.26,105.0,0
8.5,0.46,0.76,0.042,7.9799999999999995,3.24,102.0,1
10.6,0.49,0.48,0.051,8.08,3.18,121.0,0
12.5,0.35,0.44,0.028999999999999998,5.62,3.29,61.0,1
10.4,0.25,0.56,0.038,7.76,3.45,100.0,0
9.2,0.25,0.42,0.046,6.73,3.15,95.0,0
12.1,0.25,0.34,0.03,7.43,3.22,101.0,1
11.0,0.36,0.42,0.043,7.26,3.16,69.0,1
12.0,0.31,0.82,0.031,7.01,3.36,131.0,1
8.8,0.27,0.41,0.057,7.49,2.94,110.0,1
13.0,0.22,0.79,0.023,6.61,3.04,51.0,1
8.8,0.26,0.39,0.084,7.76,3.17,106.0,0
11.6,0.35,0.29,0.044000000000000004,7.489999999999999,3.17,46.0,0
9.1,0.3,0.49,0.053,7.590000000000001,3.14,163.5,1
8.9,0.58,0.41,0.036000000000000004,8.07,3.06,117.0,0
12.0,0.31,0.31,0.036000000000000004,7.31,2.98,95.0,1
10.4,0.34,0.63,0.046,6.26,3.29,23.0,0
9.4,0.27,0.69,0.04,6.78,3.19,135.0,0
10.9,0.28,0.45,0.039,6.88,3.11,86.0,1
11.0,0.49,0.38,0.037000000000000005,7.590000000000001,3.2,95.0,1
9.5,0.24,0.5,0.055999999999999994,7.44,3.05,142.0,0
10.1,0.74,0.68,0.046,6.58,3.58,114.0,0
12.0,0.24,0.51,0.03,7.890000000000001,3.13,119.0,1
9.4,0.24,0.62,0.048,7.32,3.23,197.0,0
11.0,0.35,0.4,0.039,6.630000000000001,3.18,104.0,1
10.0,0.3,0.52,0.048,6.88,3.29,211.0,0
12.6,0.24,0.34,0.039,7.16,3.27,100.0,1
12.3,0.38,0.36,0.027000000000000003,6.74,3.24,59.0,0
11.5,0.38,0.52,0.047,7.805,3.22,65.0,1
8.8,0.17,0.48,0.06,6.62,3.13,139.0,0
9.5,0.36,0.95,0.036000000000000004,7.08,3.27,77.0,1
8.7,0.27,0.43,0.05,7.5600000000000005,2.9,110.0,1
10.5,0.29,0.6,0.042,7.58,3.54,67.0,1
9.7,0.31,0.48,0.05,7.05,3.22,133.0,0
10.4,0.34,0.41,0.043,9.469999999999999,3.04,179.0,0
13.2,0.36,0.34,0.031,6.76,3.23,66.0,1
13.6,0.26,0.47,0.035,6.38,3.18,73.0,1
11.4,0.29,0.41,0.046,6.16,3.24,82.0,0
12.8,0.34,0.33,0.037000000000000005,6.08,3.36,101.0,1
10.9,0.32,0.55,0.027999999999999997,6.62,3.13,68.0,1
9.2,0.35,0.47,0.042,6.630000000000001,3.23,86.0,0
12.4,0.33,0.58,0.036000000000000004,5.92,3.26,73.0,0
10.3,0.3,0.45,0.057999999999999996,6.7299999999999995,3.51,84.0,0
11.6,0.37,0.59,0.027999999999999997,6.92,3.29,78.0,1
9.1,0.33,0.44,0.049,7.56,3.06,153.5,1
10.8,0.25,0.5,0.034,6.42,3.47,99.0,1
9.0,0.12,0.32,0.033,6.82,3.22,130.0,0
10.2,0.28,0.42,0.042,6.77,3.15,116.0,0
9.7,0.19,0.52,0.051,7.359999999999999,3.16,134.0,0
9.4,0.48,0.47,0.055999999999999994,7.05,3.04,132.0,0
12.9,0.31,0.34,0.018000000000000002,7.52,3.06,35.0,1
11.0,0.36,0.33,0.036000000000000004,7.77,3.03,119.0,0
8.7,0.27,0.43,0.05,7.5600000000000005,2.9,110.0,1
8.8,0.27,0.41,0.057,7.49,2.94,110.0,1
11.0,0.25,0.68,0.046,6.56,2.97,122.0,0
9.1,0.3,0.49,0.053,7.590000000000001,3.14,180.5,1
11.7,0.37,0.4,0.031,6.409999999999999,3.42,100.0,1
10.6,0.31,0.32,0.038,8.57,3.1,103.0,1
9.8,0.29,0.38,0.039,7.12,3.19,57.0,1
12.6,0.28,0.38,0.035,7.05,3.12,84.0,1
10.1,0.31,0.5,0.043,7.96,3.42,108.0,0
12.4,0.24,0.42,0.036000000000000004,6.42,3.29,86.0,1
10.8,0.36,0.37,0.083,7.24,3.33,123.0,0
12.5,0.43,0.59,0.03,7.08,3.08,80.0,1
11.3,0.3,0.59,0.042,6.94,3.04,74.0,1
11.4,0.38,0.73,0.044000000000000004,6.430000000000001,3.3,101.0,0
10.6,0.42,0.41,0.036000000000000004,7.58,3.4,154.0,1
11.9,0.32,0.59,0.027999999999999997,6.72,3.27,56.0,1
10.7,0.29,0.55,0.035,6.505000000000001,3.17,96.0,1
11.3,0.49,0.55,0.042,7.65,3.13,121.0,0
12.5,0.49,0.46,0.031,7.82,3.07,65.0,0
10.9,0.46,0.49,0.036000000000000004,6.84,3.37,77.0,0
11.1,0.32,0.37,0.019,6.99,3.25,134.0,1
12.8,0.34,0.53,0.044000000000000004,7.6,3.36,74.0,1
12.5,0.21,0.42,0.032,5.78,3.42,62.0,0
11.3,0.33,0.58,0.035,7.15,3.02,123.0,0
10.5,0.34,0.45,0.046,8.07,3.05,127.0,0
11.0,0.42,0.46,0.05,7.470000000000001,2.94,100.0,0
11.0,0.35,0.54,0.054000000000000006,6.9799999999999995,3.1,90.0,1
9.1,0.39,0.78,0.051,7.279999999999999,3.35,108.0,0
9.4,0.27,0.5,0.03,5.135000000000001,3.07,84.0,0
11.9,0.49,0.33,0.039,8.64,3.03,62.0,1
9.0,0.28,0.39,0.051,7.15,2.96,120.0,1
9.5,0.49,0.38,0.04,5.99,3.34,74.0,1
9.1,0.49,0.36,0.057999999999999996,7.49,3.42,84.0,1
11.73333333,0.41,0.64,0.036000000000000004,6.24,3.04,76.0,0
11.33333333,0.27,0.76,0.035,6.63,3.21,44.0,0
9.5,0.72,0.57,0.061,6.83,3.09,144.0,0
10.0,0.29,0.55,0.044000000000000004,6.55,3.36,188.0,0
9.2,0.44,0.51,0.057,6.45,3.14,128.0,0
11.4,0.23,0.85,0.040999999999999995,7.140000000000001,3.1,77.0,0
10.4,0.24,0.61,0.039,6.895,3.35,111.0,1
11.4,0.42,0.62,0.075,7.17,3.32,52.0,0
9.8,0.16,0.49,0.048,7.67,3.09,111.0,0
10.0,0.36,0.54,0.047,8.24,3.2,112.0,0
11.94,0.22,0.39,0.035,6.71,3.2,94.0,1
10.8,0.3,0.56,0.036000000000000004,6.35,3.34,65.0,1
8.8,0.44,0.75,0.053,8.27,3.28,102.0,1
10.0,0.49,0.54,0.032,9.94,2.85,15.0,0
10.0,0.24,0.56,0.044000000000000004,7.369999999999999,3.04,70.0,1
11.2,0.29,0.51,0.023,5.83,3.25,70.0,0
10.2,0.36,0.64,0.055,7.3999999999999995,3.49,189.5,0
9.6,0.41,0.51,0.046,7.19,3.12,119.0,0
13.4,0.24,0.38,0.04,7.55,2.94,63.0,1
10.0,0.47,0.75,0.052000000000000005,5.69,3.29,98.0,0
10.1,0.3,0.5,0.040999999999999995,6.81,3.07,110.0,0
9.6,0.5,0.51,0.053,6.66,3.2,151.0,0
12.0,0.32,0.35,0.044000000000000004,7.28,3.38,116.0,1
9.5,0.3,0.46,0.047,7.52,3.33,165.0,0
9.8,0.33,0.45,0.038,5.62,3.25,108.0,0
12.9,0.4,0.6,0.032,8.510000000000002,3.02,75.0,1
12.7,0.36,0.53,0.051,7.83,3.32,100.0,0
9.2,0.49,0.48,0.048,5.95,3.19,77.0,0
10.2,0.31,0.59,0.045,6.71,3.02,106.0,0
12.5,0.28,0.44,0.043,6.359999999999999,3.14,74.0,0
11.1,0.33,0.49,0.037000000000000005,5.92,3.25,70.0,0
11.5,0.45,0.49,0.027999999999999997,5.82,3.51,166.0,1
10.4,0.4,0.47,0.038,7.5200000000000005,3.2,109.0,0
9.2,0.28,0.29,0.04,8.040000000000001,3.27,86.0,0
9.2,0.18,0.54,0.045,6.5,3.09,102.0,0
9.0,0.28,0.39,0.051,7.15,2.96,120.0,1
10.4,0.49,0.81,0.046,6.86,3.62,130.0,0
8.9,0.3,0.46,0.055999999999999994,7.8,3.14,159.5,1
11.8,0.34,0.9,0.045,5.97,3.38,74.0,1
9.0,0.29,0.38,0.054000000000000006,8.1,3.16,112.0,0
13.6,0.3,0.4,0.028999999999999998,5.7,3.31,68.0,1
10.4,0.29,0.58,0.052000000000000005,7.08,3.02,98.0,0
11.8,0.35,0.53,0.04,6.7,2.98,113.0,0
9.2,0.05,0.35,0.038,6.09,3.36,19.0,0
12.7,0.31,0.37,0.03,7.22,3.16,95.0,1
10.7,0.18,0.51,0.032,6.93,3.23,106.0,0
10.5,0.3,0.42,0.055999999999999994,7.13,3.47,91.0,0
11.5,0.27,0.71,0.035,6.46,3.4,84.0,1
8.9,0.3,0.46,0.055999999999999994,7.8,3.14,159.5,1
10.2,0.44,0.62,0.046,8.459999999999999,3.14,62.0,0
9.5,0.28,0.43,0.055999999999999994,6.05,3.42,130.0,0
11.2,0.41,0.66,0.048,7.86,3.24,113.0,1
11.2,0.24,0.43,0.037000000000000005,6.59,3.23,93.0,1
8.8,0.15,0.46,0.053,6.26,3.08,89.0,0
10.5,0.29,0.56,0.052000000000000005,6.680000000000001,3.48,93.0,1
9.7,0.32,0.54,0.038,6.74,3.45,155.0,1
12.1,0.35,0.41,0.042,8.14,3.11,159.0,0
11.1,0.28,0.43,0.042,6.5600000000000005,3.31,60.0,0
12.2,0.27,0.42,0.038,7.340000000000001,3.2,133.0,0
10.5,0.27,0.51,0.046,6.27,3.41,81.0,1
11.4,0.3,0.42,0.027999999999999997,7.35,3.4,60.0,1
9.2,0.49,0.43,0.046,6.67,3.24,153.0,0
11.3,0.33,0.5,0.026000000000000002,6.24,3.13,54.0,1
11.7,0.32,0.33,0.045,7.36,3.09,94.0,1
11.4,0.36,0.36,0.034,8.865,2.95,65.0,1
9.5,0.31,0.53,0.061,6.95,3.16,187.5,0
8.7,0.3,0.44,0.055999999999999994,7.5600000000000005,2.9,135.0,1
9.5,0.47,0.64,0.039,9.71,2.9,102.0,0
10.8,0.27,0.62,0.08900000000000001,6.18,3.49,103.0,0
10.5,0.28,0.56,0.05,7.71,3.31,104.0,0
12.0,0.27,0.33,0.031,8.75,3.01,61.0,0
11.5,0.43,0.55,0.022000000000000002,7.66,3.13,103.0,0
12.6,0.15,0.59,0.028999999999999998,7.57,3.3,60.0,1
9.2,0.36,0.54,0.052000000000000005,7.02,3.04,89.0,0
12.5,0.22,0.38,0.027000000000000003,5.43,3.51,71.0,1
9.2,0.47,0.88,0.071,7.17,2.98,92.0,0
11.0,0.32,0.68,0.044000000000000004,6.8,3.37,56.0,1
12.4,0.36,0.39,0.027999999999999997,7.680000000000001,2.99,63.0,1
11.1,0.27,0.39,0.08,7.43,3.23,138.0,1
10.7,0.14,0.33,0.046,7.92,3.22,77.0,0
10.0,0.32,0.57,0.037000000000000005,7.31,3.2,113.0,1
9.0,0.27,0.41,0.11,7.01,3.08,83.0,0
9.0,0.43,0.55,0.045,7.6000000000000005,3.19,126.0,1
9.4,0.21,0.39,0.044000000000000004,7.12,3.17,53.0,0
10.4,0.31,0.59,0.053,7.3,3.31,179.0,0
8.9,0.2,0.46,0.044000000000000004,5.92,3.22,72.0,0
12.8,0.29,0.65,0.025,7.32,3.15,89.0,1
11.6,0.28,0.37,0.042,6.52,3.14,64.0,1
10.0,0.16,0.47,0.038,7.09,3.15,112.0,0
11.7,0.33,0.44,0.033,6.1,3.2,91.0,0
11.3,0.3,0.56,0.042,7.54,3.05,73.0,1
12.9,0.32,0.65,0.032,7.05,3.13,84.0,1
8.9,0.49,0.47,0.052000000000000005,6.35,3.16,159.0,0
11.2,0.29,0.58,0.033,7.050000000000001,3.1,68.0,1
8.9,0.42,0.42,0.066,7.640000000000001,2.89,150.0,0
12.6,0.31,0.62,0.03,6.76,3.22,56.0,1
12.0,0.34,0.68,0.037000000000000005,6.76,3.01,74.0,0
12.4,0.34,0.38,0.032,7.130000000000001,3.14,97.0,1
12.9,0.54,0.34,0.035,5.29,3.27,101.0,1
11.0,0.26,0.42,0.049,6.2,3.15,71.0,0
9.7,0.34,0.45,0.037000000000000005,9.110000000000001,3.1,117.0,0
9.2,0.25,0.43,0.039,5.239999999999999,3.22,74.0,0
9.1,0.45,0.53,0.048,6.75,3.2,136.0,0
10.5,0.31,0.69,0.06,7.505,3.72,76.0,0
10.6,0.3,0.39,0.036000000000000004,6.21,3.18,80.0,0
13.4,0.2,0.47,0.038,7.52,3.23,81.0,0
12.2,0.74,0.38,0.045,7.17,3.26,102.0,1
11.6,0.27,0.56,0.046,6.28,3.27,97.0,0
9.0,0.5,0.66,0.049,7.52,3.24,133.0,0
10.5,0.31,0.59,0.057,7.77,3.18,182.0,0
9.2,0.5,0.47,0.055999999999999994,7.51,3.01,127.0,0
10.2,0.23,0.52,0.051,6.680000000000001,3.15,112.0,0
10.4,0.38,0.82,0.043,7.66,3.15,92.5,1
13.4,0.41,0.4,0.016,7.180000000000001,3.16,49.0,0
9.9,0.74,0.39,0.172,6.54,3.27,84.0,0
12.0,0.35,0.39,0.036000000000000004,7.93,3.16,114.0,1
10.5,0.33,0.6,0.036000000000000004,6.109999999999999,3.18,76.0,0
9.0,0.35,0.42,0.039,7.02,3.24,115.0,0
11.4,0.4,0.42,0.037000000000000005,6.96,3.49,84.0,1
10.6,0.35,0.37,0.042,6.25,3.24,103.0,0
8.7,0.99,0.31,0.122,6.79,3.09,84.0,0
11.3,0.24,0.5,0.038,6.130000000000001,3.31,91.0,1
12.5,0.44,0.4,0.024,6.55,3.18,80.0,0
11.1,0.29,0.5,0.044000000000000004,7.800000000000001,3.3,91.0,1
9.5,0.29,0.56,0.034,7.81,3.14,163.0,0
10.0,0.37,0.62,0.051,8.1,3.32,80.0,0
9.6,0.49,0.58,0.036000000000000004,7.83,3.08,137.0,0
9.6,0.19,0.63,0.084,6.67,3.49,170.0,0
12.3,0.33,0.62,0.031,6.99,3.08,65.0,1
10.9,0.29,0.49,0.039,6.859999999999999,3.05,54.0,0
9.3,0.27,0.36,0.157,6.495,3.03,112.0,0
12.1,0.3,0.43,0.033,7.46,3.33,108.0,1
11.0,0.32,0.6,0.048,6.369999999999999,3.22,114.0,0
10.7,0.28,0.44,0.044000000000000004,6.08,3.35,106.0,1
9.5,0.3,0.36,0.049,7.15,3.2,74.0,1
12.6,0.33,0.41,0.034,7.11,3.25,88.0,1
11.5,0.29,0.42,0.038,6.640000000000001,3.3,104.0,0
8.8,0.63,0.44,0.039,7.98,3.08,121.0,0
10.6,0.33,0.39,0.034,7.17,3.19,110.0,1
9.7,0.42,0.38,0.059000000000000004,6.71,3.12,68.0,0
11.0,0.33,0.38,0.033,5.54,3.59,72.0,1
9.5,0.09,0.62,0.051,6.88,2.93,94.0,0
9.7,0.29,0.41,0.064,7.2299999999999995,3.16,59.5,1
10.4,0.38,0.39,0.047,7.15,3.13,63.0,1
12.2,0.33,0.41,0.034,8.4,3.18,71.0,1
9.8,0.17,0.38,0.049,6.97,3.0,56.0,0
11.4,0.25,0.41,0.034,7.0249999999999995,3.05,64.0,0
10.2,0.32,0.54,0.039,6.8,3.39,53.0,1
11.5,0.28,0.37,0.027999999999999997,7.65,2.94,64.0,1
14.0,0.31,0.59,0.016,5.23,3.33,111.0,1
12.6,0.39,0.75,0.034,8.01,3.09,118.0,1
11.7,0.42,0.41,0.032,6.590000000000001,3.3,51.0,0
10.2,0.33,0.52,0.036000000000000004,6.42,3.34,71.0,0
11.5,0.28,0.4,0.042,8.03,2.96,121.0,0
9.0,0.28,0.39,0.051,7.15,2.96,120.0,1
11.6,0.29,0.41,0.038,6.78,3.32,81.0,1
9.9,0.49,0.45,0.034,6.99,3.13,121.0,0
10.4,0.25,0.42,0.043,5.83,3.19,70.0,0
14.0,0.18,0.83,0.036000000000000004,5.455,3.21,73.0,1
12.9,0.27,0.59,0.037000000000000005,6.455,3.05,56.0,1
10.5,0.27,0.44,0.038,6.8,3.11,101.0,1
10.2,0.35,0.85,0.049,6.779999999999999,3.43,92.0,1
10.0,0.01,0.42,0.048,6.8100000000000005,3.19,50.0,0
9.7,0.07,0.57,0.045,5.99,3.34,111.0,0
12.6,0.28,0.64,0.04,6.73,3.26,57.0,1
12.3,0.26,0.49,0.033,7.8,2.98,50.0,1
12.8,0.32,0.63,0.095,7.04,3.1,62.0,0
8.9,0.3,0.46,0.055999999999999994,7.8,3.14,159.5,1
11.9,0.4,0.34,0.039,8.549999999999999,3.15,127.0,1
11.7,0.35,0.37,0.032,7.24,3.16,62.0,1
11.1,0.34,0.57,0.022000000000000002,6.890000000000001,3.23,72.0,0
11.1,0.34,0.62,0.059000000000000004,7.21,3.46,138.0,1
12.6,0.28,0.6,0.024,7.17,3.45,42.0,1
9.5,0.34,0.51,0.055999999999999994,7.85,3.1,142.0,0
10.7,0.16,0.44,0.049,5.33,3.48,87.0,0
12.7,0.32,0.53,0.021,7.18,3.15,99.0,1
10.8,0.45,0.47,0.033,9.94,2.74,48.0,0
11.2,0.32,0.55,0.040999999999999995,7.12,3.17,99.0,0
11.9,0.04,0.32,0.031,7.145,3.14,63.0,0
12.3,0.3,0.49,0.028999999999999998,7.24,3.36,114.0,1
12.7,0.33,0.39,0.027000000000000003,6.87,3.28,90.0,1
9.4,0.51,0.54,0.049,6.57,3.16,165.0,0
10.2,0.24,0.39,0.054000000000000006,5.824999999999999,3.17,81.0,0
8.9,0.3,0.46,0.055999999999999994,7.8,3.14,159.5,1
12.3,0.01,0.36,0.017,5.52,3.38,77.0,1
9.7,0.38,0.54,0.032,6.73,3.29,83.0,0
12.4,0.24,0.42,0.036000000000000004,6.42,3.29,86.0,1
11.9,0.36,0.82,0.037000000000000005,7.0200000000000005,3.41,93.0,1
9.2,0.26,0.51,0.053,7.220000000000001,3.25,148.0,0
12.6,0.33,0.4,0.035,7.140000000000001,3.26,89.0,1
11.5,0.34,0.64,0.028999999999999998,6.66,3.33,104.0,1
8.7,0.31,0.41,0.046,7.04,3.3,102.0,0
12.4,0.32,0.64,0.035,6.76,3.35,137.0,1
12.5,0.26,0.73,0.031,6.92,3.4,94.0,1
11.5,0.29,0.43,0.028999999999999998,6.81,2.93,63.0,1
10.8,0.31,0.64,0.046,6.03,3.31,82.0,0
8.8,0.2,0.51,0.040999999999999995,6.815,2.94,117.0,0
11.0,0.21,0.52,0.039,9.01,2.96,39.0,0
11.9,0.3,0.42,0.037000000000000005,6.380000000000001,3.47,59.0,1
13.1,0.32,0.4,0.04,6.47,3.31,79.0,1
12.8,0.29,0.32,0.03,8.62,3.0,69.0,1
12.4,0.3,0.6,0.036000000000000004,6.69,3.29,54.0,1
9.7,0.56,0.62,0.040999999999999995,5.53,3.16,95.0,0
11.3,0.27,0.34,0.039,7.15,3.27,91.0,1
13.2,0.28,0.4,0.035,6.909999999999999,3.0,79.0,0
11.95,0.36,0.35,0.028999999999999998,7.14,3.28,84.0,1
10.4,0.24,0.32,0.039,7.32,3.41,56.0,0
9.9,0.24,0.41,0.057999999999999996,7.7,3.2,125.0,0
9.6,0.47,0.5,0.051,6.4799999999999995,3.24,151.0,0
12.6,0.27,0.56,0.013999999999999999,6.1,3.4,59.0,1
11.9,0.29,0.34,0.035,6.4,3.18,72.0,0
13.7,0.32,0.52,0.024,6.109999999999999,3.25,66.0,1
8.8,0.36,0.43,0.039,6.430000000000001,3.23,93.0,0
12.7,0.27,0.41,0.042,6.31,3.32,101.0,1
13.0,0.26,0.27,0.038,7.32,3.11,103.0,1
9.5,0.51,0.6,0.039,7.81,3.06,142.0,0
12.9,0.34,0.45,0.04,6.97,3.24,73.0,0
12.0,0.58,0.6,0.034,5.779999999999999,3.51,100.0,1
12.1,0.34,0.48,0.04,6.78,3.28,92.0,1
12.8,0.31,0.53,0.036000000000000004,6.55,3.27,55.0,1
9.4,0.38,0.38,0.17,6.859999999999999,3.19,133.0,0
9.8,0.29,0.37,0.059000000000000004,7.869999999999999,3.09,78.0,0
9.5,0.19,0.48,0.049,6.6,3.22,137.0,0
10.5,0.35,0.55,0.048,7.04,3.29,128.0,1
11.7,0.27,0.37,0.034,7.0,3.14,49.0,0
12.9,0.29,0.32,0.025,7.1,3.03,66.0,1
10.1,0.34,0.4,0.068,5.245,3.24,111.0,0
11.8,0.49,0.38,0.034,8.12,3.14,119.0,1
11.7,0.28,0.39,0.012,6.98,3.26,64.0,1
10.3,0.3,0.73,0.036000000000000004,8.299999999999999,2.99,42.0,0
10.0,0.32,0.31,0.034,6.8500000000000005,3.29,64.0,0
12.2,0.26,0.47,0.038,7.04,3.0,80.0,1
10.8,0.32,0.46,0.035,6.27,3.23,97.0,0
10.3,0.36,0.46,0.049,7.779999999999999,3.6,85.0,0
8.9,0.3,0.46,0.055999999999999994,7.8,3.14,159.5,1
12.8,0.3,0.36,0.038,7.01,3.09,53.0,1
11.0,0.29,0.5,0.034,7.51,3.3,89.0,1
12.5,0.36,0.59,0.038,7.5600000000000005,2.93,72.0,1
10.4,0.57,0.61,0.055999999999999994,5.8549999999999995,3.25,105.0,1
9.7,0.13,0.46,0.036000000000000004,8.25,2.96,170.0,0
12.4,0.31,0.44,0.02,6.93,3.26,60.0,1
10.3,0.14,0.71,0.046,6.135,3.3,148.0,0
12.9,0.31,0.41,0.03,6.24,3.4,104.0,1
11.3,0.49,0.32,0.027000000000000003,8.06,3.03,59.0,1
12.3,0.32,0.71,0.027999999999999997,6.26,3.4,84.0,1
9.8,0.13,0.42,0.040999999999999995,6.95,3.14,93.0,0
10.8,0.37,0.5,0.043,7.18,3.18,88.0,0
9.2,0.05,0.5,0.054000000000000006,6.4,3.43,110.0,0
12.3,0.42,0.4,0.027000000000000003,6.26,3.4,108.0,1
10.9,0.27,0.63,0.042,6.630000000000001,3.03,65.0,0
12.6,0.36,0.38,0.034,7.24,3.19,90.0,1
10.7,0.33,0.64,0.04,7.140000000000001,3.26,115.0,0
9.2,0.64,0.39,0.055999999999999994,7.43,3.05,93.0,0
9.5,0.21,0.44,0.045,6.090000000000001,3.32,78.0,0
9.5,0.14,0.44,0.032,6.180000000000001,3.28,112.0,0
12.0,0.26,0.41,0.036000000000000004,7.22,3.34,88.0,1
12.7,0.3,0.43,0.031,6.3999999999999995,3.39,113.0,1
10.6,0.28,0.53,0.046,6.130000000000001,3.23,105.0,0
12.5,0.32,0.58,0.034,6.300000000000001,3.51,77.0,1
12.7,0.31,0.5,0.033,6.11,3.35,97.0,0
10.4,0.28,0.56,0.042,7.180000000000001,3.03,87.0,0
12.1,0.28,0.41,0.059000000000000004,6.72,3.23,122.0,1
8.8,0.24,0.49,0.05,7.42,3.1,152.0,0
8.7,0.74,0.44,0.037000000000000005,7.470000000000001,3.04,109.0,0
11.4,0.39,0.4,0.04,6.85,3.35,49.0,1
9.2,0.28,0.42,0.040999999999999995,7.779999999999999,3.2,81.0,0
11.5,0.43,0.33,0.038,6.52,3.35,99.0,1
9.1,0.3,0.42,0.066,7.31,3.2,127.0,0
12.9,0.29,0.46,0.048,6.6,3.22,109.0,1
13.0,0.26,0.48,0.045,6.949999999999999,3.24,110.0,1
13.5,0.33,0.41,0.027999999999999997,6.4,3.36,54.0,1
10.0,0.39,0.67,0.038,7.88,3.16,94.0,0
11.3,0.27,0.59,0.035,7.53,3.04,81.0,1
11.8,0.27,0.41,0.037000000000000005,6.69,3.17,88.0,0
11.1,0.31,0.58,0.036000000000000004,6.18,3.34,61.0,1
10.8,0.35,0.54,0.036000000000000004,7.090000000000001,3.21,68.0,1
12.0,0.31,0.37,0.048,5.41,3.24,44.0,1
8.9,0.3,0.46,0.055999999999999994,7.8,3.14,159.5,1
10.6,0.3,0.61,0.022000000000000002,7.5,3.11,97.0,0
10.3,0.36,0.39,0.033,8.16,3.2,108.0,0
9.7,0.32,0.54,0.038,6.74,3.45,155.0,1
12.5,0.13,0.48,0.025,6.140000000000001,3.33,145.0,0
8.8,0.26,0.52,0.09,7.81,3.01,128.0,0
12.5,0.36,0.59,0.038,7.5600000000000005,2.93,72.0,1
13.3,0.32,0.46,0.031,8.5,3.05,95.0,1
9.8,0.29,0.37,0.059000000000000004,7.869999999999999,3.09,78.0,0
9.3,0.24,0.61,0.05,6.4399999999999995,3.12,151.0,0
11.1,0.45,0.47,0.039,7.2,3.07,86.0,1
11.2,0.44,0.73,0.043,6.550000000000001,3.14,83.0,1
13.1,0.28,0.64,0.026000000000000002,6.48,2.98,83.0,1
10.8,0.24,0.58,0.045,7.05,3.53,125.0,0
9.9,0.35,0.39,0.036000000000000004,7.34,3.46,58.0,0
11.0,0.36,0.48,0.026000000000000002,6.890000000000001,3.27,80.0,0
13.05,0.32,0.46,0.024,5.819999999999999,3.2,68.0,1
10.0,0.24,0.56,0.044000000000000004,7.369999999999999,3.04,70.0,1
12.2,0.34,0.5,0.032,7.05,3.37,86.0,1
9.4,0.23,0.54,0.12300000000000001,7.19,3.04,77.0,0
11.0,0.33,0.55,0.053,8.07,3.2,139.0,0
12.6,0.42,0.46,0.036000000000000004,6.1,3.1,94.0,1
11.0,0.29,0.46,0.039,6.44,3.33,81.0,1
9.5,0.48,0.47,0.044000000000000004,6.45,3.25,162.0,0
11.6,0.27,0.57,0.06,7.14,3.27,155.0,0
13.7,0.01,0.94,0.040999999999999995,6.96,3.2,102.0,1
8.8,0.28,0.47,0.055999999999999994,7.11,3.02,110.0,1
9.6,0.34,0.49,0.091,6.57,3.25,93.0,1
9.4,0.25,0.42,0.052000000000000005,6.79,3.3,147.0,1
10.8,0.3,0.42,0.043,6.075,3.33,108.0,1
9.7,0.41,0.51,0.057999999999999996,8.18,3.27,122.0,0
9.3,0.49,0.47,0.048,6.28,3.19,161.0,0
9.8,0.31,0.46,0.045,6.92,3.41,91.0,1
9.6,0.32,0.76,0.053,8.07,3.29,103.0,0
9.9,0.16,0.62,0.037000000000000005,6.46,3.17,162.0,0
9.2,0.18,0.5,0.04,6.69,3.14,95.0,0
11.0,0.27,0.42,0.037000000000000005,6.57,3.46,78.0,1
11.5,0.35,0.45,0.032,9.200000000000001,3.15,116.0,1
10.1,0.26,0.55,0.054000000000000006,7.36,3.38,183.0,0
12.0,0.34,0.6,0.044000000000000004,6.82,3.28,64.0,1
12.7,0.34,0.37,0.025,6.23,3.36,88.0,0
12.6,0.28,0.58,0.037000000000000005,7.7,3.16,71.0,1
12.3,0.33,0.46,0.039,7.090000000000001,3.09,71.0,1
12.4,0.29,0.34,0.035,5.485,3.19,74.0,1
11.4,0.4,0.5,0.042,7.4799999999999995,3.03,147.0,0
12.8,0.48,0.52,0.04,8.02,3.2,86.0,1
8.9,0.4,0.47,0.043,7.19,2.93,120.0,0
12.7,0.19,0.54,0.033,6.800000000000001,3.22,96.0,1
11.2,0.42,0.72,0.043,6.43,3.13,83.0,1
11.8,0.33,0.37,0.042,7.444999999999999,3.1,50.0,1
10.7,0.31,0.64,0.046,6.930000000000001,3.33,66.0,1
12.0,0.35,0.57,0.04,6.97,2.91,55.0,1
11.0,0.36,0.51,0.034,6.4799999999999995,3.16,85.0,0
9.6,0.39,0.58,0.04,6.96,3.32,102.0,1
9.9,0.3,0.59,0.045,7.21,3.12,103.0,0
9.1,0.44,0.53,0.057,7.0,3.11,159.0,0
10.5,0.29,0.56,0.052000000000000005,6.680000000000001,3.48,93.0,1
10.4,0.24,0.6,0.038,6.859999999999999,3.35,109.0,0
11.4,0.28,0.46,0.027999999999999997,6.84,3.34,93.0,0
9.5,0.26,0.5,0.054000000000000006,6.640000000000001,3.12,135.0,0
9.1,0.3,0.49,0.053,7.590000000000001,3.14,180.5,1
11.9,0.52,0.4,0.017,7.87,3.14,63.0,1
11.4,0.3,0.42,0.027999999999999997,7.35,3.4,60.0,1
10.7,0.33,0.62,0.037000000000000005,7.98,3.39,123.0,1
8.9,0.2,0.5,0.054000000000000006,7.75,3.11,166.0,0
9.5,0.24,0.48,0.057,7.15,2.99,72.0,0
8.7,0.49,0.39,0.042,6.81,3.28,117.0,0
12.2,0.3,0.49,0.06,6.83,3.23,125.0,1
11.7,0.28,0.51,0.046,6.69,3.18,68.0,1
11.94,0.22,0.39,0.035,6.71,3.2,94.0,1
9.2,0.27,0.45,0.027999999999999997,5.7299999999999995,3.34,82.0,0
8.6,0.29,0.45,0.042,6.21,3.39,97.0,0
9.3,0.25,0.5,0.040999999999999995,7.2,3.18,98.0,0
12.5,0.28,0.39,0.034,7.0600000000000005,2.96,52.0,0
9.0,0.28,0.43,0.05,7.37,2.94,121.0,1
11.2,0.24,0.43,0.037000000000000005,6.59,3.23,93.0,1
13.0,0.2,0.45,0.027000000000000003,5.51,3.56,90.0,1
11.0,0.34,0.74,0.035,7.67,3.05,89.0,0
11.8,0.34,0.51,0.055,9.190000000000001,2.95,95.0,0
9.7,0.55,0.29,0.038,7.25,3.11,89.0,0
12.0,0.26,0.51,0.042,7.26,3.38,55.0,1
11.0,0.29,0.5,0.034,7.51,3.3,89.0,1
13.7,0.13,0.9,0.039,6.09,3.42,99.0,1
8.8,0.51,0.44,0.044000000000000004,7.17,3.19,101.0,0
9.8,0.22,0.64,0.040999999999999995,6.48,3.44,131.0,1
12.5,0.29,0.31,0.043,7.16,3.16,81.0,0
10.5,0.33,0.4,0.034,6.970000000000001,3.08,36.0,0
10.7,0.37,0.48,0.02,7.65,3.0,79.0,1
11.8,0.28,0.57,0.038,6.1000000000000005,3.31,103.0,1
12.7,0.27,0.41,0.044000000000000004,6.29,3.31,97.0,1
11.1,0.59,0.41,0.037000000000000005,7.26,3.34,80.0,1
9.5,0.42,0.46,0.048,7.340000000000001,3.32,137.0,0
12.5,0.33,0.38,0.023,6.71,3.3,82.0,1
9.7,0.32,0.5,0.048,6.57,3.5,159.0,0
10.2,0.25,0.54,0.049,7.630000000000001,3.42,98.0,1
11.9,0.39,0.43,0.040999999999999995,8.1,3.08,117.0,0
9.0,0.28,0.38,0.055,7.45,3.12,150.0,1
10.4,0.28,0.54,0.045,7.21,3.25,184.0,0
10.7,0.35,0.63,0.038,7.090000000000001,3.0,69.0,0
8.9,0.24,0.45,0.057999999999999996,7.869999999999999,3.15,96.0,0
8.8,0.27,0.41,0.057,7.49,2.94,110.0,1
9.0,0.27,0.44,0.034,7.44,3.2,134.0,0
11.0,0.36,0.69,0.034,6.550000000000001,3.42,107.0,1
12.0,0.29,0.48,0.024,7.569999999999999,3.12,120.0,1
12.2,0.39,0.43,0.036000000000000004,7.35,3.28,94.0,1
12.1,0.34,0.48,0.027999999999999997,7.970000000000001,2.99,142.0,1
12.7,0.32,0.44,0.042,6.3999999999999995,3.31,101.0,1
10.65,0.28,0.55,0.037000000000000005,6.08,3.29,64.0,1
11.2,0.27,0.39,0.04,5.69,3.5,51.0,0
9.6,0.35,0.5,0.042,6.78,3.23,140.0,0
11.4,0.29,0.48,0.042,6.06,3.36,66.0,1
10.8,0.25,0.54,0.052000000000000005,7.0,3.09,84.0,0
8.8,0.27,0.41,0.057,7.49,2.94,110.0,1
9.4,0.33,0.52,0.043,7.3100000000000005,3.2,124.0,0
12.4,0.38,0.36,0.028999999999999998,5.69,3.28,101.0,0
12.8,0.22,0.53,0.032,7.140000000000001,3.26,80.0,1
10.4,0.26,0.51,0.033,8.24,3.44,100.0,1
9.1,0.31,0.54,0.051,7.04,3.06,126.0,0
8.8,0.48,0.4,0.048,7.83,2.95,188.0,0
13.4,0.24,0.26,0.032,6.57,3.04,67.0,1
12.4,0.39,0.47,0.04,7.64,3.3,118.0,0
9.9,0.27,0.44,0.057,7.62,3.29,53.0,1
13.1,0.3,0.4,0.036000000000000004,6.43,3.31,94.0,1
13.0,0.47,0.32,0.013999999999999999,6.94,3.13,93.0,1
12.7,0.37,0.49,0.036000000000000004,5.9799999999999995,3.09,55.0,1
11.2,0.46,0.6,0.040999999999999995,7.390000000000001,3.19,105.0,1
8.7,0.27,0.43,0.05,7.5600000000000005,2.9,110.0,1
9.0,0.28,0.43,0.05,7.37,2.94,121.0,1
10.1,0.36,0.67,0.039,6.82,3.07,82.0,1
11.3,0.36,0.52,0.04,7.92,3.23,123.0,0
12.3,0.33,0.79,0.035,7.2,3.25,129.0,1
11.9,0.3,0.52,0.018000000000000002,7.22,3.02,22.0,1
9.5,0.18,0.42,0.055999999999999994,7.05,3.11,124.0,0
12.2,0.32,0.37,0.040999999999999995,6.83,3.06,81.0,0
12.9,0.31,0.39,0.035,6.5,3.26,66.0,1
9.1,0.53,0.45,0.049,8.26,2.94,76.0,0
9.0,0.28,0.38,0.055,7.45,3.12,150.0,1
11.6,0.4,0.5,0.022000000000000002,5.949999999999999,3.54,151.0,1
9.9,0.3,0.35,0.049,6.92,3.2,56.0,0
13.0,0.29,0.48,0.021,7.88,3.08,75.0,1
10.8,0.2,0.54,0.024,6.75,3.24,72.0,0
9.9,0.36,0.34,0.038,7.6000000000000005,3.36,67.0,0
9.4,0.2,0.41,0.046,7.9799999999999995,3.15,107.0,0
10.2,0.34,0.47,0.043,8.520000000000001,3.0,96.0,0
11.9,0.39,0.43,0.036000000000000004,6.73,3.19,57.0,1
9.2,0.49,0.52,0.048,8.55,3.03,178.0,0
10.2,0.33,0.49,0.052000000000000005,8.36,3.03,105.5,1
11.1,0.31,0.44,0.035,6.369999999999999,3.32,66.0,1
10.6,0.26,0.6,0.051,7.61,3.36,136.0,0
11.0,0.29,0.59,0.051,6.58,3.43,103.0,0
9.5,0.42,0.53,0.042,6.79,3.24,136.0,0
9.5,0.26,0.37,0.05,8.32,3.24,76.5,0
12.8,0.3,0.38,0.022000000000000002,5.79,3.34,90.0,1
8.9,0.2,0.46,0.044000000000000004,5.92,3.22,72.0,0
11.0,0.29,0.58,0.068,6.85,3.34,85.0,1
11.9,0.39,0.43,0.036000000000000004,6.73,3.19,57.0,1
9.0,0.12,0.35,0.05,7.48,2.86,63.0,0
12.6,0.44,0.4,0.024,9.13,2.96,78.0,1
12.0,0.31,0.34,0.046,6.93,3.15,124.0,1
10.1,0.28,0.33,0.046,6.83,3.33,105.0,1
9.0,0.33,0.39,0.059000000000000004,6.95,3.43,87.0,1
10.7,0.26,0.48,0.044000000000000004,7.18,3.39,43.0,1
12.5,0.29,0.39,0.076,8.54,2.95,73.0,0
10.5,0.33,0.51,0.054000000000000006,7.08,3.42,140.0,0
12.6,0.24,0.66,0.037000000000000005,6.69,2.9,64.0,1
12.5,0.28,0.34,0.038,7.07,3.24,63.0,0
10.4,0.28,0.51,0.037000000000000005,6.71,3.32,107.0,1
13.9,0.2,0.78,0.027000000000000003,6.12,3.36,106.0,1
10.1,0.29,0.51,0.042,7.04,3.11,101.0,0
10.7,0.45,0.49,0.05,8.040000000000001,3.33,97.0,1
9.8,0.26,0.46,0.069,7.31,3.13,132.0,0
13.3,0.3,0.64,0.025,6.32,3.07,94.0,1
9.3,0.57,0.39,0.13,6.76,3.12,82.0,1
10.4,0.27,0.55,0.04,8.14,3.01,81.0,0
9.2,0.72,0.36,0.042,6.72,3.12,135.0,0
9.5,0.71,0.5,0.042,6.99,2.85,93.0,0
9.0,0.36,0.48,0.067,7.65,3.01,125.0,0
12.5,0.3,0.63,0.036000000000000004,6.83,3.25,54.0,1
12.3,0.32,0.34,0.028999999999999998,7.12,3.0,74.0,1
9.3,0.02,0.36,0.038,6.315,3.36,41.0,0
11.1,0.38,0.4,0.026000000000000002,6.81,3.25,64.0,1
9.7,0.26,0.43,0.057999999999999996,6.18,3.27,120.0,0
10.5,0.27,0.37,0.037000000000000005,7.3,3.04,86.0,1
13.0,0.22,0.55,0.036000000000000004,7.0,3.26,96.0,1
13.2,0.28,0.5,0.027999999999999997,7.84,3.2,54.0,1
10.8,0.28,0.46,0.037000000000000005,6.37,3.41,94.0,1
12.3,0.24,0.46,0.021,7.11,3.15,63.0,1
12.7,0.36,0.37,0.043,7.279999999999999,3.26,56.0,1
11.0,0.32,0.68,0.044000000000000004,6.8,3.37,56.0,1
8.8,0.27,0.41,0.057,7.49,2.94,110.0,1
12.3,0.46,0.62,0.028999999999999998,6.4399999999999995,3.29,73.0,0
10.0,0.32,0.57,0.037000000000000005,7.31,3.2,113.0,1
12.4,0.34,0.32,0.036000000000000004,7.03,2.99,85.0,1
11.2,0.49,0.47,0.055,7.5600000000000005,3.23,132.0,0
12.0,0.34,0.44,0.02,7.1899999999999995,3.18,95.0,1
11.4,0.23,0.62,0.047,5.45,3.32,57.0,0
10.8,0.49,0.54,0.027999999999999997,7.56,3.24,75.0,0
11.5,0.47,0.43,0.03,6.2,3.52,114.0,1
12.5,0.34,0.5,0.039,7.42,3.38,104.0,1
12.3,0.36,0.71,0.033,7.5200000000000005,3.1,77.0,1
11.5,0.31,0.32,0.021,8.71,2.93,96.0,0
10.0,0.48,0.29,0.034,10.22,2.87,105.0,0
10.4,0.31,0.57,0.05,7.2,3.28,184.0,0
12.2,0.22,0.52,0.031,7.53,2.97,63.0,1
12.1,0.28,0.47,0.039,6.4,3.36,54.0,0
11.1,0.32,0.52,0.039,6.85,2.96,53.0,0
11.1,0.31,0.41,0.037000000000000005,6.205,3.41,90.0,1
11.3,0.33,0.42,0.033,6.22,3.17,72.0,1
11.0,0.35,0.4,0.039,6.630000000000001,3.18,104.0,1
9.0,0.32,0.36,0.035,6.86,2.88,138.0,0
11.4,0.37,0.75,0.048,6.71,3.33,68.0,1
12.8,0.39,0.67,0.034,8.57,3.29,100.0,1
11.8,0.27,0.33,0.035,6.17,3.1,83.0,1
9.8,0.32,0.54,0.024,7.21,3.05,146.0,0
13.0,0.27,0.53,0.032,7.78,3.17,78.0,1
13.4,0.62,0.43,0.038,7.23,3.23,86.0,1
9.8,0.28,0.45,0.053,8.22,3.14,114.0,0
10.5,0.31,0.47,0.043,6.5600000000000005,3.35,115.0,0
11.8,0.3,0.61,0.040999999999999995,6.5,3.31,53.0,1
12.2,0.4,0.46,0.042,6.550000000000001,3.11,64.0,1
10.2,0.3,0.35,0.040999999999999995,7.1000000000000005,3.16,108.0,0
11.3,0.28,0.37,0.048,7.640000000000001,3.21,90.0,1
11.2,0.26,0.35,0.040999999999999995,7.02,3.04,153.0,0
12.8,0.34,0.39,0.031,6.08,3.39,59.0,1
10.0,0.16,0.45,0.037000000000000005,6.14,3.46,90.0,1
9.3,0.37,0.49,0.05,6.630000000000001,2.86,90.0,0
10.4,0.36,0.68,0.036000000000000004,5.97,3.43,59.0,1
10.8,0.26,0.5,0.038,6.39,3.41,148.0,0
10.0,0.26,0.57,0.054000000000000006,6.840000000000001,3.58,160.0,0
11.4,0.34,0.42,0.042,6.21,3.44,60.0,0
10.4,0.33,0.46,0.052000000000000005,6.53,3.23,95.0,0
11.3,0.24,0.43,0.031,8.14,3.12,126.0,1
12.9,0.29,0.25,0.038,6.615,3.12,93.0,1
10.6,0.24,0.56,0.044000000000000004,7.98,3.27,128.0,0
11.0,0.38,0.3,0.044000000000000004,6.62,2.97,92.0,1
13.1,0.38,0.58,0.039,6.1,3.23,64.0,1
10.4,0.32,0.44,0.047,6.9799999999999995,3.42,92.0,0
10.5,0.33,0.38,0.033,8.08,3.12,52.0,1
11.3,0.26,0.55,0.038,6.16,3.34,113.0,0
10.2,0.15,0.38,0.044000000000000004,6.9799999999999995,3.11,53.0,0
12.7,0.32,0.55,0.028999999999999998,6.2700000000000005,3.41,61.0,1
9.0,0.58,0.38,0.040999999999999995,7.859999999999999,3.07,118.0,0
11.8,0.24,0.44,0.037000000000000005,7.909999999999999,3.05,111.0,1
8.8,0.42,0.42,0.05,7.23,3.22,109.0,0
10.1,0.19,0.34,0.045,6.77,3.16,77.0,0
9.8,0.33,0.42,0.055999999999999994,7.130000000000001,3.42,125.0,0
12.6,0.28,0.58,0.037000000000000005,7.7,3.16,71.0,1
9.4,0.31,0.49,0.069,6.85,3.18,112.0,0
9.2,0.29,0.42,0.044000000000000004,7.359999999999999,3.04,178.0,0
13.2,0.25,0.43,0.033,6.29,3.08,84.0,0
12.0,0.34,0.44,0.02,7.1899999999999995,3.18,95.0,1
9.3,0.34,0.4,0.043,6.8100000000000005,3.42,72.0,1
12.0,0.3,0.41,0.039,7.4,3.3,145.0,0
10.9,0.28,0.45,0.039,6.9799999999999995,3.11,84.0,1
8.8,0.23,0.44,0.055999999999999994,7.19,3.17,159.0,0
10.8,0.49,0.54,0.027999999999999997,7.56,3.24,75.0,0
11.5,0.4,0.68,0.036000000000000004,7.090000000000001,3.08,41.0,1
9.1,0.49,0.36,0.057999999999999996,7.49,3.42,84.0,1
9.9,0.25,0.44,0.142,6.79,3.0,103.0,0
12.0,0.36,0.66,0.036000000000000004,6.97,3.19,70.0,0
11.0,0.49,0.63,0.057,7.2,3.43,131.0,1
12.8,0.18,0.54,0.027000000000000003,6.71,3.34,86.0,1
13.4,0.24,0.26,0.032,6.57,3.04,67.0,1
9.1,0.22,0.51,0.034,7.16,3.2,106.0,0
8.8,0.44,0.75,0.053,8.27,3.28,102.0,1
10.2,0.35,0.54,0.055,7.88,3.24,119.0,0
11.9,0.4,0.3,0.038,7.63,3.03,106.0,1
9.1,0.53,0.45,0.047,7.56,3.06,104.0,0
12.9,0.28,0.65,0.026000000000000002,6.25,3.43,72.0,1
9.8,0.31,0.64,0.046,8.08,3.23,180.0,0
9.2,0.24,0.6,0.047,6.78,3.11,110.0,0
10.7,0.33,0.46,0.042,6.869999999999999,3.29,159.0,0
8.8,0.32,0.47,0.044000000000000004,8.93,3.12,134.0,1
10.5,0.47,0.34,0.035,5.8500000000000005,3.03,79.0,1
9.7,0.2,0.51,0.044000000000000004,6.83,2.96,86.0,0
12.7,0.34,0.36,0.018000000000000002,7.260000000000001,3.28,62.0,1
11.8,0.38,0.42,0.033,6.12,3.42,71.0,1
10.7,0.32,0.44,0.049,6.99,3.12,70.0,1
12.2,0.37,0.49,0.027000000000000003,7.1000000000000005,3.38,73.0,1
9.9,0.24,0.43,0.047,7.24,3.3,62.0,0
10.9,0.36,0.48,0.034,6.32,3.25,58.0,0
9.8,0.4,0.96,0.051,7.239999999999999,3.3,81.0,1
8.8,0.32,0.45,0.079,6.94,3.02,85.0,0
10.8,0.56,0.43,0.04,8.245,3.25,76.0,0
12.5,0.27,0.36,0.035,7.3500000000000005,3.12,63.0,1
11.2,0.44,0.73,0.043,6.550000000000001,3.14,83.0,1
10.5,0.24,0.52,0.043,7.06,3.18,84.0,0
10.7,0.27,0.44,0.043,5.88,3.35,106.0,1
9.5,0.37,0.82,0.053,7.12,3.37,119.0,1
9.0,0.2,0.44,0.049,7.840000000000001,3.27,113.0,0
12.3,0.49,0.38,0.03,7.89,3.13,152.0,1
10.1,0.24,0.5,0.059000000000000004,5.96,3.3,101.0,0
10.9,0.28,0.45,0.039,6.9799999999999995,3.11,84.0,1
12.1,0.04,0.33,0.036000000000000004,5.640000000000001,3.36,76.0,1
9.1,0.3,0.49,0.053,7.590000000000001,3.14,180.5,1
9.0,0.29,0.5,0.051,6.28,3.14,138.0,0
13.7,0.29,0.33,0.03,6.07,3.41,91.0,1
9.5,0.27,0.56,0.057,6.84,3.22,119.0,0
9.2,0.36,0.42,0.045,6.85,3.08,126.0,0
10.9,0.42,0.52,0.037000000000000005,7.21,3.14,87.0,0
10.8,0.16,0.38,0.051,5.605,3.4,84.0,0
10.6,0.28,0.57,0.034,7.53,3.28,83.0,0
10.5,0.24,0.64,0.047,7.58,3.52,85.0,1
11.6,0.15,0.4,0.038,5.605,3.52,34.0,0
11.7,0.3,0.79,0.03,6.71,3.53,115.0,1
9.8,0.26,0.46,0.073,7.909999999999999,3.1,117.0,0
12.7,0.36,0.25,0.026000000000000002,8.45,3.07,101.0,1
10.6,0.49,0.58,0.05,7.739999999999999,3.31,111.0,0
12.1,0.32,0.71,0.033,6.75,3.19,69.0,1
12.0,0.29,0.32,0.042,6.525,3.23,75.0,1
9.2,0.26,0.44,0.067,7.83,3.03,134.0,0
10.6,0.25,0.37,0.02,5.96,3.39,50.0,0
9.7,0.07,0.58,0.044000000000000004,5.8,3.33,114.0,0
11.1,0.25,0.44,0.03,6.45,3.3,70.0,1
10.0,0.39,0.47,0.043,7.3500000000000005,3.52,138.0,0
11.1,0.29,0.59,0.047,6.19,3.54,85.0,1
11.5,0.43,0.36,0.035,8.530000000000001,3.15,87.0,0
9.5,0.37,0.48,0.047,6.46,3.19,147.0,0
11.3,0.34,0.72,0.035,7.95,3.07,62.0,1
10.4,0.28,0.46,0.028999999999999998,7.050000000000001,3.24,93.0,1
9.4,0.3,0.4,0.20800000000000002,6.58,3.1,94.0,0
9.9,0.24,0.41,0.057999999999999996,7.63,3.2,123.0,0
9.2,0.18,0.72,0.096,6.640000000000001,3.56,182.0,0
9.4,0.25,0.38,0.038,6.57,3.28,103.0,0
8.9,0.36,0.46,0.05,7.55,3.04,165.0,1
11.5,0.31,0.35,0.034,6.54,3.38,85.0,1
9.7,0.48,0.59,0.042,10.55,3.19,136.0,0
11.0,0.3,0.41,0.035,6.6499999999999995,3.27,89.0,1
9.2,0.14,0.34,0.06,6.4799999999999995,3.07,86.0,0
12.0,0.24,0.51,0.03,7.890000000000001,3.13,119.0,1
9.7,0.35,0.79,0.048,6.5,3.43,72.0,0
10.9,0.26,0.43,0.059000000000000004,8.2,3.04,146.0,0
9.8,0.49,0.49,0.040999999999999995,9.379999999999999,3.04,91.0,1
12.7,0.37,0.42,0.066,7.85,3.14,60.0,0
12.8,0.29,0.32,0.03,8.62,3.0,69.0,1
11.0,0.29,0.64,0.037000000000000005,7.44,3.27,65.0,1
10.2,0.74,0.45,0.035,7.64,3.26,105.0,0
9.6,0.35,0.5,0.055999999999999994,7.98,3.27,86.0,0
9.0,0.17,0.51,0.047,7.08,3.21,113.0,0
10.7,0.27,0.76,0.036000000000000004,6.52,3.05,76.0,1
11.0,0.45,0.56,0.039,8.440000000000001,3.02,80.0,0
12.6,0.3,0.63,0.027999999999999997,7.109999999999999,3.13,89.0,1
10.0,0.28,0.7,0.053,6.11,3.72,159.0,0
8.6,0.42,0.69,0.044000000000000004,8.22,3.21,118.0,1
11.0,0.35,0.63,0.057,9.15,3.04,331.0,0
11.4,0.26,0.37,0.034,8.71,3.05,69.0,0
10.8,0.37,0.6,0.039,6.87,3.26,91.0,1
10.5,0.42,0.48,0.049,7.06,3.47,81.0,1
12.8,0.48,0.39,0.028999999999999998,6.86,3.33,46.0,1
12.3,0.26,0.41,0.043,7.2299999999999995,3.17,136.0,0
10.0,0.44,0.46,0.045,7.5,3.15,77.0,1
11.4,0.4,0.5,0.037000000000000005,6.5,3.46,72.0,0
10.9,0.28,0.45,0.039,6.88,3.11,86.0,1
9.5,0.31,0.44,0.051,7.68,3.19,70.0,1
10.96666667,0.41,0.59,0.048,6.29,3.09,94.0,1
9.0,0.3,0.52,0.062,6.9799999999999995,3.0,152.0,1
9.9,0.28,0.51,0.051,6.85,3.16,127.0,0
8.9,0.67,0.41,0.037000000000000005,7.79,2.9,113.0,0
13.0,0.4,0.96,0.03,6.25,3.19,65.0,0
12.8,0.32,0.64,0.032,7.28,3.12,84.0,1
9.0,0.14,0.36,0.057999999999999996,6.995,3.38,82.0,0
12.1,0.24,0.74,0.026000000000000002,8.0,3.08,163.0,1
13.4,0.27,0.27,0.033,5.8500000000000005,3.22,82.0,1
13.0,0.28,0.41,0.032,7.13,3.19,93.0,0
9.2,0.3,0.5,0.055999999999999994,8.24,3.05,141.0,0
9.4,0.31,0.58,0.049,8.47,3.12,105.0,0
9.1,0.34,0.53,0.067,7.359999999999999,3.07,154.0,1
12.3,0.36,0.57,0.037000000000000005,8.42,3.13,67.0,1
12.89333333,0.24,0.44,0.035,7.11,3.12,82.0,1
9.5,0.42,0.53,0.045,6.56,3.2,147.0,0
11.3,0.29,0.63,0.025,7.0,3.31,70.0,1
9.4,0.14,0.5,0.036000000000000004,6.5600000000000005,3.27,117.0,0
11.7,0.32,0.33,0.045,7.36,3.09,94.0,1
8.7,0.3,0.44,0.055999999999999994,7.5600000000000005,2.9,135.0,1
9.0,0.18,0.47,0.048,6.57,3.23,141.0,0
11.8,0.52,0.51,0.027999999999999997,6.28,3.28,67.0,1
9.4,0.5,0.45,0.053,7.09,3.09,146.0,0
10.6,0.34,0.5,0.028999999999999998,9.26,3.08,141.0,0
12.1,0.48,0.58,0.115,6.625,3.24,75.0,0
10.4,0.49,0.68,0.033,8.379999999999999,3.0,53.0,1
11.0,0.36,0.69,0.034,6.550000000000001,3.42,107.0,1
13.0,0.28,0.57,0.032,6.12,3.16,69.0,1
13.6,0.3,0.27,0.04,7.47,3.17,90.0,0
8.7,0.3,0.44,0.055999999999999994,7.5600000000000005,2.9,135.0,1
12.8,0.28,0.58,0.03,6.65,3.09,69.0,1
12.0,0.52,0.45,0.037000000000000005,6.779999999999999,3.24,91.0,0
11.8,0.34,0.9,0.045,5.97,3.38,74.0,1
9.8,0.26,0.46,0.069,7.31,3.13,132.0,0
9.2,0.42,0.63,0.045,8.0,3.18,168.0,0
10.5,0.25,0.66,0.051,7.49,3.53,66.0,1
10.0,0.22,0.53,0.044000000000000004,7.4,3.37,84.0,0
10.8,0.38,0.74,0.044000000000000004,8.34,3.37,123.0,0
10.7,0.26,0.75,0.04,6.5,3.07,60.0,1
12.4,0.4,0.52,0.044000000000000004,6.76,3.54,95.0,1
9.0,0.47,0.66,0.057,8.74,3.02,194.0,0
12.1,0.36,0.47,0.027999999999999997,7.23,3.35,73.0,1
11.4,0.31,0.52,0.034,7.390000000000001,3.15,86.0,1
11.8,0.29,0.32,0.031,8.15,3.06,84.0,1
10.8,0.28,0.44,0.036000000000000004,5.965,3.36,104.0,1
11.9,0.33,0.84,0.027999999999999997,5.355,3.3,46.0,1
10.8,0.49,0.42,0.047,6.91,2.92,84.0,1
9.2,0.14,0.34,0.06,6.4799999999999995,3.07,86.0,0
11.0,0.29,0.53,0.025,6.96,3.28,48.0,0
8.9,0.31,0.53,0.053,7.9799999999999995,3.06,94.0,0
11.0,0.25,0.4,0.044000000000000004,7.69,3.11,84.0,0
12.7,0.35,0.57,0.034,7.33,3.26,83.0,1
9.3,0.34,0.52,0.034,7.25,3.37,71.0,1
10.2,0.4,0.32,0.04,8.78,2.94,87.0,1
12.5,0.34,0.45,0.03,6.41,3.32,55.0,1
10.5,0.27,0.71,0.038,6.41,3.49,109.0,1
11.9,0.37,0.37,0.025,8.46,2.93,69.0,0
9.1,0.42,0.47,0.049,6.45,3.16,153.0,0
13.0,0.25,0.37,0.024,8.08,2.98,72.0,0
8.8,0.27,0.41,0.057,7.49,2.94,110.0,1
10.5,0.49,0.39,0.042,8.120000000000001,3.1,79.0,0
12.3,0.24,0.4,0.034,6.9399999999999995,3.1,70.0,1
13.1,0.25,0.52,0.032,6.800000000000001,3.26,76.0,0
12.8,0.3,0.42,0.033,6.32,3.29,101.0,1
9.3,0.34,0.4,0.043,6.8100000000000005,3.42,72.0,1
12.4,0.28,0.47,0.034,7.12,3.08,75.0,1
9.5,0.42,0.52,0.049,6.85,3.24,154.0,0
9.9,0.26,0.5,0.057999999999999996,7.640000000000001,3.18,97.0,1
11.3,0.44,0.75,0.051,6.5600000000000005,3.11,83.0,1
11.9,0.4,0.3,0.038,7.63,3.03,106.0,1
11.0,0.37,0.46,0.059000000000000004,7.37,3.08,81.0,1
9.8,0.4,0.97,0.047,7.2299999999999995,3.3,80.0,1
8.8,0.27,0.45,0.047,6.84,3.04,165.0,0
8.8,0.44,0.54,0.048,6.840000000000001,3.26,199.0,1
12.5,0.33,0.3,0.021,6.369999999999999,3.12,91.0,0
12.0,0.41,0.43,0.039,6.94,3.25,74.0,0
12.15,0.28,1.08,0.027999999999999997,6.41,3.21,76.0,1
10.8,0.39,0.44,0.044000000000000004,7.8,3.46,150.0,1
11.3,0.39,0.75,0.02,6.76,3.25,54.0,1
12.2,0.37,0.4,0.040999999999999995,7.53,3.26,114.0,1
10.13333333,0.33,0.58,0.036000000000000004,6.17,3.32,81.0,1
10.9,0.28,0.42,0.037000000000000005,6.0200000000000005,3.33,47.0,1
10.4,0.37,0.79,0.033,7.79,3.18,99.0,0
12.2,0.47,0.42,0.028999999999999998,6.36,3.26,58.0,0
11.1,0.32,0.42,0.059000000000000004,6.76,3.18,70.0,0
9.0,0.28,0.39,0.051,7.15,2.96,120.0,1
14.2,0.28,0.4,0.037000000000000005,6.75,3.12,82.0,1
9.8,0.26,0.35,0.053,6.8100000000000005,3.2,51.0,0
9.5,0.19,0.41,0.048,5.784999999999999,3.26,74.0,0
10.15,0.34,0.58,0.034,6.26,3.32,83.0,1
9.3,0.06,0.43,0.052000000000000005,5.619999999999999,3.32,49.0,0
12.6,0.38,0.46,0.03,7.6000000000000005,3.27,69.0,0
13.0,0.27,0.44,0.036000000000000004,6.28,3.19,103.0,1
8.5,0.16,0.39,0.054000000000000006,6.86,3.19,96.0,0
10.2,0.28,0.64,0.034,7.31,3.35,88.0,0
13.2,0.23,0.57,0.035,7.54,3.15,76.0,1
10.9,0.3,0.69,0.033,6.140000000000001,3.39,64.0,1
10.8,0.32,0.57,0.054000000000000006,7.02,3.2,112.0,0
12.4,0.41,0.63,0.027000000000000003,6.93,3.27,65.0,0
11.5,0.28,0.6,0.05,7.12,3.22,73.0,1
9.0,0.28,0.39,0.051,7.15,2.96,120.0,1
12.6,0.33,0.44,0.043,7.6,3.34,97.0,1
9.4,0.28,0.43,0.055999999999999994,7.33,3.17,154.0,0
10.3,0.39,0.56,0.042,7.53,3.36,101.0,1
8.9,0.36,0.46,0.05,7.55,3.04,165.0,1
12.1,0.49,0.28,0.036000000000000004,8.01,3.05,79.0,1
8.8,0.36,0.45,0.045,7.27,3.0,125.0,0
11.3,0.49,0.32,0.027000000000000003,8.06,3.03,59.0,1
13.1,0.27,0.38,0.034,7.449999999999999,3.26,106.0,1
10.4,0.53,0.59,0.04,6.79,3.26,151.0,1
12.8,0.3,0.55,0.026000000000000002,6.84,3.13,66.0,1
8.9,0.36,0.46,0.05,7.55,3.04,165.0,1
11.2,0.49,0.6,0.055999999999999994,8.32,3.29,132.0,1
10.5,0.49,0.98,0.053,6.640000000000001,3.01,95.0,0
10.4,0.41,0.51,0.036000000000000004,7.41,3.17,52.0,0
9.5,0.36,0.95,0.036000000000000004,7.08,3.27,77.0,1
10.4,0.34,0.41,0.043,9.469999999999999,3.04,179.0,0
8.8,0.26,0.39,0.084,7.76,3.17,106.0,0
12.2,0.36,0.38,0.03,7.380000000000001,3.14,104.0,1
10.6,0.24,0.38,0.031,7.81,3.16,113.0,1
10.9,0.26,0.42,0.059000000000000004,8.19,3.04,148.0,0
10.6,0.3,0.39,0.049,6.66,3.28,71.0,0
8.8,0.68,0.38,0.047,7.73,2.99,96.0,0
11.0,0.34,0.54,0.048,6.98,3.25,79.0,1
10.5,0.27,0.44,0.038,6.8,3.11,101.0,1
8.6,0.42,0.69,0.044000000000000004,8.22,3.21,118.0,1
9.0,0.32,0.38,0.052000000000000005,7.109999999999999,3.14,108.0,0
11.4,0.37,0.45,0.025,6.9,3.11,61.0,0
10.8,0.3,0.34,0.046,6.62,3.21,96.0,0
12.5,0.32,0.6,0.035,7.989999999999999,3.08,71.0,1
13.0,0.34,0.48,0.038,5.5,3.56,78.0,1
12.0,0.32,0.42,0.040999999999999995,6.6000000000000005,3.43,108.0,0
12.8,0.37,0.37,0.027000000000000003,6.88,3.24,83.0,1
12.7,0.3,0.43,0.031,6.3999999999999995,3.39,113.0,1
10.5,0.23,0.42,0.033,7.79,3.14,97.0,0
10.5,0.37,0.65,0.047,7.24,3.08,155.0,0
11.3,0.32,0.6,0.045,7.72,3.08,71.0,1
11.3,0.28,0.47,0.032,6.54,3.26,89.0,1
9.8,0.26,0.74,0.039,8.09,3.05,135.0,0
11.26666667,0.28,0.47,0.032,6.54,3.26,89.0,1
13.6,0.26,0.47,0.035,6.38,3.18,73.0,1
9.9,0.42,0.74,0.049,6.91,3.12,119.0,1
11.4,0.38,0.53,0.037000000000000005,6.8500000000000005,3.09,64.0,0
10.8,0.07,0.28,0.03,6.8500000000000005,2.97,121.0,0
13.1,0.25,0.58,0.033,6.09,3.26,64.0,1
9.1,0.18,0.49,0.042,7.49,3.16,139.0,0
12.9,0.3,0.41,0.03,6.2,3.41,104.0,1
12.5,0.28,0.39,0.034,7.0600000000000005,2.96,52.0,0
9.2,0.32,0.68,0.049,6.65,3.19,135.0,0
9.4,0.49,0.54,0.042,8.58,3.1,108.0,0
11.8,0.3,0.49,0.04,7.24,3.28,172.0,0
12.1,0.34,0.38,0.027999999999999997,8.08,3.0,86.0,1
12.7,0.39,0.4,0.032,7.33,3.25,53.0,1
10.5,0.38,0.52,0.047,7.130000000000001,3.34,115.0,1
11.3,0.21,0.38,0.026000000000000002,6.859999999999999,3.22,78.0,1
12.9,0.33,0.32,0.044000000000000004,5.72,3.17,52.0,1
9.0,0.29,0.5,0.051,6.28,3.14,138.0,0
11.4,0.41,0.42,0.04,7.79,2.92,105.0,0
10.7,0.26,0.72,0.024,7.15,3.16,99.0,1
10.8,0.3,0.51,0.037000000000000005,7.2,3.24,89.0,0
12.2,0.28,0.58,0.035,8.09,3.19,73.0,1
9.1,0.41,0.44,0.042,6.65,3.0,116.0,0
9.5,0.45,0.48,0.038,6.8999999999999995,3.18,146.0,0
11.5,0.34,0.59,0.04,6.68,3.32,105.0,1
12.4,0.28,0.65,0.037000000000000005,6.86,3.25,90.0,1
9.2,0.74,0.46,0.17300000000000001,7.27,3.04,87.0,0
9.2,0.72,0.51,0.16699999999999998,7.31,2.97,55.0,0
10.9,0.28,0.45,0.039,6.9799999999999995,3.11,84.0,1
10.5,0.79,0.46,0.19399999999999998,7.489999999999999,3.17,67.0,0
9.9,0.21,0.58,0.04,6.66,3.39,127.0,0
12.4,0.37,0.34,0.027000000000000003,7.140000000000001,3.19,74.0,0
9.2,0.34,0.6,0.043,7.17,3.22,141.0,0
9.8,0.26,0.6,0.053,7.67,3.11,118.0,0
11.0,0.38,0.35,0.038,6.71,3.17,83.0,1
11.5,0.32,0.38,0.031,5.65,3.26,83.0,1
11.3,0.32,0.55,0.04,8.37,3.0,134.0,1
10.5,0.28,0.48,0.04,6.42,3.19,101.0,0
11.3,0.49,0.53,0.033,7.279999999999999,3.05,60.0,1
11.5,0.35,0.45,0.032,9.200000000000001,3.15,116.0,1
9.1,0.42,0.75,0.040999999999999995,7.55,3.29,125.0,1
10.1,0.21,0.33,0.035,6.53,3.36,113.0,1
10.0,0.26,0.47,0.147,7.26,3.14,110.0,0
13.2,0.37,0.43,0.027999999999999997,7.7299999999999995,3.23,97.0,0
9.7,0.21,0.38,0.05,8.74,3.06,109.0,0
9.2,0.28,0.3,0.055999999999999994,7.819999999999999,2.99,75.0,0
10.4,0.49,0.68,0.033,8.379999999999999,3.0,53.0,1
10.5,0.31,0.41,0.042,7.01,3.13,83.0,0
10.4,0.54,0.7,0.046,6.45,3.19,118.0,0
10.0,0.34,0.52,0.059000000000000004,8.93,3.17,198.0,0
10.5,0.38,0.5,0.051,6.57,3.45,133.0,1
8.9,0.38,0.82,0.055,8.6,3.34,119.0,0
12.1,0.36,0.99,0.03,5.630000000000001,3.24,47.0,1
11.0,0.3,0.57,0.039,6.17,2.91,65.0,0
9.6,0.3,0.44,0.094,7.25,3.09,74.0,0
9.3,0.37,0.4,0.035,6.819999999999999,3.02,91.0,0
13.9,0.22,0.78,0.03,6.24,3.41,116.0,1
11.2,0.36,0.37,0.042,8.09,3.26,123.0,1
12.2,0.34,0.43,0.035,7.24,3.18,66.0,0
12.1,0.04,0.33,0.036000000000000004,5.640000000000001,3.36,76.0,1
10.8,0.31,0.39,0.021,7.31,3.17,102.0,1
9.1,0.24,0.32,0.028999999999999998,7.63,3.16,57.0,0
10.4,0.32,0.53,0.040999999999999995,5.95,3.23,84.0,1
11.5,0.32,0.44,0.04,7.67,3.21,97.0,1
9.3,0.22,0.61,0.055999999999999994,8.09,3.08,169.0,0
13.2,0.25,0.59,0.015,7.36,2.82,59.0,0
9.0,0.32,0.36,0.035,6.86,2.88,138.0,0
12.6,0.37,0.33,0.025,7.359999999999999,3.06,74.0,1
11.0,0.34,0.54,0.048,6.98,3.25,79.0,1
13.6,0.09,0.34,0.02,5.37,3.3,4.0,0
8.5,0.3,0.4,0.034,6.5,3.47,117.0,0
10.5,0.27,0.71,0.038,6.41,3.49,109.0,1
10.8,0.35,0.48,0.036000000000000004,7.23,3.16,82.0,1
8.7,0.3,0.44,0.055999999999999994,7.5600000000000005,2.9,135.0,1
11.1,0.34,0.49,0.037000000000000005,7.69,3.1,92.0,1
11.5,0.31,0.92,0.054000000000000006,7.43,3.24,82.0,1
13.0,0.29,0.46,0.034,7.17,3.29,105.0,1
9.5,0.32,0.65,0.052000000000000005,6.43,3.39,131.0,0
9.3,0.26,0.55,0.057999999999999996,8.22,3.14,165.0,0
9.8,0.33,0.36,0.049,9.2,3.14,30.0,0
11.4,0.42,0.49,0.040999999999999995,8.799999999999999,3.11,90.0,1
10.7,0.21,0.34,0.03,6.56,3.06,101.0,0
9.4,0.32,0.41,0.054000000000000006,7.22,3.4,98.0,0
11.0,0.33,0.44,0.044000000000000004,6.630000000000001,3.33,202.0,0
10.9,0.39,0.52,0.057,8.110000000000001,3.05,117.0,0
10.4,0.44,0.51,0.051,8.97,3.15,149.0,0
11.5,0.31,0.35,0.034,6.54,3.38,85.0,1
9.0,0.39,0.46,0.057999999999999996,7.33,2.9,146.0,0
9.5,0.22,0.48,0.055999999999999994,8.08,3.28,106.0,0
12.2,0.28,0.56,0.046,8.13,3.16,69.0,1
9.2,0.24,0.36,0.034,6.8999999999999995,3.13,104.0,0
12.6,0.32,0.35,0.023,6.94,3.34,89.0,0
9.0,0.28,0.39,0.051,7.15,2.96,120.0,1
11.1,0.29,0.59,0.034,6.67,3.1,78.0,0
11.3,0.42,0.53,0.033,7.74,3.12,154.0,0
9.4,0.71,0.65,0.046,8.75,2.98,138.0,0
11.3,0.34,0.4,0.046,7.41,3.25,55.0,0
8.9,0.36,0.46,0.05,7.55,3.04,165.0,1
10.9,0.28,0.39,0.046,7.470000000000001,3.17,35.0,0
9.0,0.39,0.48,0.057999999999999996,7.430000000000001,2.98,143.0,1
10.0,0.49,0.46,0.048,8.299999999999999,3.09,166.0,1
12.9,0.31,0.41,0.03,6.24,3.4,104.0,1
12.7,0.37,0.49,0.019,7.46,3.08,75.0,1
9.5,0.24,0.47,0.04,6.6,3.22,103.0,0
11.5,0.28,0.55,0.039,7.22,3.05,85.0,1
9.1,0.53,0.45,0.047,7.56,3.06,95.5,0
12.0,0.35,0.53,0.038,7.1,3.09,154.0,0
13.2,0.31,0.4,0.027000000000000003,5.79,3.46,89.0,1
9.4,0.65,0.42,0.079,5.955,3.2,120.0,0
11.4,0.37,0.38,0.026000000000000002,7.31,3.15,77.0,1
13.3,0.32,0.5,0.036000000000000004,6.5600000000000005,3.2,48.0,1
12.0,0.33,0.7,0.027999999999999997,6.58,3.34,70.0,1
11.0,0.34,0.54,0.048,6.98,3.25,79.0,1
10.1,0.21,0.33,0.035,6.53,3.36,113.0,1
10.4,0.31,0.67,0.049,6.58,3.6,91.0,1
12.1,0.38,0.43,0.027999999999999997,6.86,3.1,62.0,1
9.9,0.27,0.5,0.047,6.57,3.34,75.0,0
11.5,0.31,0.32,0.021,8.71,2.93,96.0,0
12.2,0.49,0.42,0.063,6.57,3.38,57.0,0
10.9,0.31,0.64,0.044000000000000004,7.359999999999999,3.34,99.0,1
12.5,0.44,0.37,0.027000000000000003,8.24,2.96,79.0,0
10.96666667,0.41,0.59,0.048,6.29,3.09,94.0,1
11.5,0.31,0.44,0.032,8.75,3.06,50.0,0
10.4,0.3,0.37,0.037000000000000005,7.74,3.25,99.0,0
13.4,0.33,0.53,0.047,7.2749999999999995,3.23,65.0,1
8.9,0.29,0.58,0.044000000000000004,6.949999999999999,3.17,123.0,0
11.2,0.29,0.57,0.040999999999999995,6.27,3.26,60.0,0
12.3,0.34,0.41,0.027999999999999997,7.78,2.99,80.0,1
12.2,0.31,0.73,0.049,6.12,3.44,128.0,1
8.8,0.0,0.36,0.032,6.44,3.25,70.0,0
9.4,0.16,0.36,0.044000000000000004,6.19,3.21,149.0,0
10.7,0.51,0.54,0.027999999999999997,6.84,2.91,67.0,1
11.2,0.49,0.3,0.037000000000000005,8.4,3.1,148.0,1
12.0,0.31,0.31,0.046,6.9,3.15,125.0,1
9.5,0.36,0.47,0.042,7.77,3.09,76.0,0
13.0,0.33,0.3,0.03,5.3,3.36,119.0,1
9.1,0.4,0.41,0.042,7.52,3.36,85.0,1
11.4,0.29,0.45,0.048,7.66,3.06,59.0,0
9.5,0.19,0.5,0.064,6.72,3.05,155.0,0
10.4,0.52,0.59,0.034,6.79,3.25,152.0,0
9.0,0.3,0.52,0.062,6.9799999999999995,3.0,152.0,1
12.1,0.36,0.36,0.037000000000000005,7.2,3.08,116.0,0
12.4,0.16,0.47,0.033,7.199999999999999,3.35,101.0,0
10.2,0.33,0.52,0.037000000000000005,7.51,3.11,78.0,0
12.6,0.28,0.38,0.034,6.22,3.22,43.0,0
12.4,0.28,0.46,0.03,7.17,3.23,50.0,1
10.3,0.41,0.72,0.039,6.68,3.28,82.0,1
12.3,0.39,0.54,0.033,7.430000000000001,3.26,73.0,1
10.3,0.32,0.39,0.036000000000000004,8.08,3.17,81.0,1
11.4,0.2,0.45,0.04,6.04,3.25,88.0,0
11.0,0.34,0.5,0.049,6.91,3.02,76.0,0
11.7,0.44,0.43,0.028999999999999998,6.04,3.53,104.0,0
12.3,0.31,0.47,0.032,7.4399999999999995,3.35,104.0,1
9.1,0.2,0.54,0.07,7.8,3.03,153.0,0
12.5,0.22,0.38,0.027000000000000003,5.43,3.51,71.0,1
10.5,0.24,0.49,0.039,6.3999999999999995,3.59,82.0,1
11.5,0.33,0.64,0.10400000000000001,7.239999999999999,3.19,34.0,0
10.1,0.3,0.51,0.046,6.85,3.42,102.0,1
9.3,0.7,0.73,0.039,8.969999999999999,3.0,137.0,0
11.8,0.27,0.38,0.031,7.61,3.15,103.0,1
12.6,0.24,0.49,0.04,6.66,3.22,97.0,1
9.7,0.24,0.64,0.039,6.56,3.49,134.0,0
9.7,0.33,0.42,0.033,8.56,3.14,82.0,0
10.1,0.3,0.5,0.038,7.95,3.1,129.0,0
8.9,0.35,0.4,0.048,6.38,3.08,166.0,0
11.05,0.36,0.35,0.026000000000000002,8.440000000000001,3.13,47.0,0
13.4,0.36,0.22,0.02,6.91,3.19,66.0,1
10.5,0.31,0.46,0.040999999999999995,6.050000000000001,3.52,102.0,0
11.1,0.3,0.38,0.047,7.180000000000001,3.35,86.0,1
13.3,0.4,0.39,0.040999999999999995,6.93,3.11,51.0,1
10.0,0.39,0.54,0.038,6.92,3.17,89.0,1
10.7,0.13,0.38,0.037000000000000005,5.82,3.26,111.0,0
10.2,0.32,0.52,0.055999999999999994,7.71,3.11,74.0,1
13.5,0.13,0.88,0.027999999999999997,5.9,3.48,95.0,1
12.8,0.32,0.44,0.033,8.360000000000001,3.18,98.0,1
11.33333333,0.27,0.76,0.035,6.63,3.21,44.0,0
12.0,0.33,0.7,0.027999999999999997,6.58,3.34,70.0,1
11.2,0.4,0.54,0.037000000000000005,8.299999999999999,3.12,68.0,0
11.3,0.36,0.58,0.034,6.96,3.02,66.0,0
11.3,0.29,0.48,0.044000000000000004,7.4799999999999995,3.2,131.0,1
9.8,0.26,0.6,0.053,7.67,3.11,118.0,0
12.4,0.29,0.61,0.021,6.96,3.41,61.0,1
11.2,0.3,0.44,0.034,6.76,3.38,63.0,0
9.7,0.2,0.51,0.044000000000000004,6.83,2.96,86.0,0
9.4,0.27,0.38,0.201,5.96,3.27,116.0,0
10.5,0.49,0.98,0.053,6.640000000000001,3.01,95.0,0
8.9,0.24,0.47,0.052000000000000005,7.06,3.13,160.0,0
12.15,0.26,0.48,0.035,6.26,3.11,62.0,0
10.8,0.35,0.54,0.036000000000000004,7.090000000000001,3.21,68.0,1
10.0,0.39,0.52,0.034,7.489999999999999,3.05,179.0,0
10.9,0.28,0.35,0.055,6.35,3.22,75.0,0
9.3,0.37,0.43,0.048,7.82,3.09,162.0,0
8.8,0.48,0.34,0.037000000000000005,7.69,3.02,120.5,0
9.4,0.42,0.49,0.054000000000000006,7.07,3.12,142.0,0
10.5,0.24,0.44,0.044000000000000004,6.7,3.22,125.0,0
9.8,0.31,0.44,0.039,6.81,3.41,119.0,1
9.5,0.51,0.61,0.028999999999999998,7.24,3.03,172.0,0
12.2,0.49,0.33,0.027000000000000003,7.4399999999999995,3.3,100.0,1
8.9,0.2,0.46,0.044000000000000004,5.92,3.22,72.0,0
12.8,0.44,0.7,0.036000000000000004,7.81,3.01,109.0,0
11.0,0.35,0.54,0.054000000000000006,6.9799999999999995,3.1,90.0,1
12.5,0.3,0.63,0.036000000000000004,6.83,3.25,54.0,1
10.3,0.41,0.45,0.044000000000000004,7.78,3.28,115.0,0
10.8,0.49,0.41,0.042,8.389999999999999,3.14,102.0,0
11.5,0.27,0.52,0.040999999999999995,7.369999999999999,3.04,88.0,1
12.1,0.49,0.49,0.03,6.86,3.1,78.0,1
10.9,0.29,0.56,0.027999999999999997,6.72,3.15,71.0,1
13.6,0.3,0.27,0.04,7.47,3.17,90.0,0
11.3,0.3,0.59,0.042,6.94,3.04,74.0,1
11.3,0.36,0.54,0.043,7.8,3.29,87.0,0
10.8,0.37,0.52,0.049,7.3,3.15,101.0,0
10.5,0.29,0.48,0.036000000000000004,6.17,3.35,84.0,1
10.0,0.42,0.43,0.053,8.92,2.99,87.0,0
9.7,0.0,0.4,0.065,5.985,3.63,95.0,0
12.2,0.74,0.41,0.044000000000000004,7.319999999999999,3.31,102.0,0
13.4,0.15,0.77,0.026000000000000002,5.86,3.39,101.0,1
10.7,0.29,0.55,0.035,6.505000000000001,3.17,96.0,1
12.7,0.32,0.48,0.036000000000000004,6.5200000000000005,3.16,55.0,0
10.9,0.42,0.87,0.045,7.01,3.09,102.0,0
10.4,0.36,0.54,0.05,7.79,3.06,95.0,0
12.2,0.3,0.37,0.038,7.08,3.32,151.0,0
10.5,0.49,0.59,0.048,7.74,3.17,99.0,1
11.3,0.42,0.74,0.042,6.91,3.18,81.0,1
11.2,0.33,0.68,0.031,7.699999999999999,3.06,60.0,0
11.0,0.3,0.41,0.035,6.6499999999999995,3.27,89.0,1
12.1,0.49,0.48,0.044000000000000004,7.07,3.13,91.0,1
11.45,0.28,0.36,0.021,6.42,3.15,103.0,1
13.0,0.26,0.49,0.021,5.84,3.55,88.0,1
10.9,0.28,0.39,0.046,7.470000000000001,3.17,35.0,0
10.1,0.29,0.45,0.04,5.779999999999999,3.07,42.0,0
13.0,0.27,0.44,0.036000000000000004,6.28,3.19,103.0,1
11.8,0.27,0.36,0.057,7.54,3.16,100.0,0
12.3,0.3,0.31,0.034,7.43,3.08,72.0,1
9.3,0.26,0.5,0.049,7.07,3.15,141.0,0
11.4,0.36,0.54,0.036000000000000004,6.77,3.05,72.0,0
12.8,0.3,0.36,0.038,7.01,3.09,53.0,1
12.7,0.27,0.41,0.042,6.31,3.32,101.0,1
9.5,0.28,0.46,0.047,6.64,3.23,149.0,0
11.2,0.32,0.58,0.04,7.19,3.04,96.0,0
13.5,0.24,0.5,0.034,6.01,3.32,43.0,1
13.4,0.31,0.48,0.04,7.23,3.18,72.0,1
11.5,0.37,0.51,0.036000000000000004,6.63,3.41,66.0,1
10.2,0.4,0.33,0.036000000000000004,7.180000000000001,3.17,80.0,0
12.4,0.38,0.49,0.033,6.279999999999999,3.16,83.0,0
13.7,0.13,0.9,0.039,6.09,3.42,99.0,1
12.0,0.35,0.68,0.037000000000000005,6.79,3.18,70.0,1
9.0,0.28,0.38,0.055,7.45,3.12,150.0,1
10.55,0.25,0.55,0.043,7.109999999999999,3.36,135.0,0
9.0,0.28,0.38,0.055,7.45,3.12,150.0,1
9.6,0.3,0.49,0.038,6.65,3.14,114.0,0
12.1,0.34,0.38,0.027999999999999997,8.08,3.0,86.0,1
12.0,0.38,0.33,0.031,6.5600000000000005,3.06,69.0,1
10.4,0.29,0.56,0.038,6.96,3.23,139.0,0
12.5,0.33,0.45,0.024,8.08,3.25,116.0,1
11.0,0.34,0.59,0.04,7.8100000000000005,3.07,73.0,1
11.3,0.25,0.56,0.04,5.71,3.31,57.0,0
12.7,0.37,0.48,0.043,7.6899999999999995,3.39,77.0,1
10.2,0.26,0.38,0.04,6.79,3.17,95.0,0
9.5,0.36,0.59,0.042,7.3,2.92,79.0,1
9.7,0.49,0.58,0.055,7.7,3.52,139.0,0
10.5,0.31,0.57,0.054000000000000006,7.09,3.46,175.0,0
12.2,0.49,0.4,0.04,7.18,3.24,91.0,0
8.8,0.27,0.41,0.057,7.49,2.94,110.0,1
9.6,0.3,0.5,0.057,7.590000000000001,3.12,102.0,0
8.9,0.44,0.4,0.040999999999999995,6.369999999999999,3.12,169.0,0
10.8,0.3,0.42,0.027999999999999997,5.779999999999999,3.49,103.0,1
12.3,0.3,0.38,0.026000000000000002,7.180000000000001,2.99,76.0,1
13.2,0.16,0.53,0.036000000000000004,5.930000000000001,3.2,94.0,1
10.0,0.31,0.53,0.057999999999999996,7.58,3.16,129.0,1
14.05,0.01,0.72,0.040999999999999995,6.41,3.26,73.0,1
9.0,0.32,0.36,0.035,6.86,2.88,138.0,0
11.8,0.37,0.61,0.027999999999999997,7.6000000000000005,3.14,61.0,0
9.5,0.3,0.37,0.05,8.06,3.12,94.0,0
9.4,0.49,0.34,0.05,9.22,3.13,114.0,0
9.8,0.2,0.44,0.062,7.54,3.17,151.0,0
11.4,0.29,0.44,0.05,6.76,3.06,107.0,1
9.8,0.4,0.51,0.032,7.57,3.1,180.0,0
9.7,0.37,0.51,0.025,6.16,3.46,74.0,0
10.6,0.31,0.57,0.04,7.180000000000001,3.29,121.0,1
12.2,0.16,0.46,0.031,6.335,3.24,113.0,0
8.9,0.42,0.42,0.066,7.640000000000001,2.89,150.0,0
9.5,0.31,0.77,0.048,6.5,3.22,147.0,0
12.5,0.28,0.38,0.027000000000000003,5.92,3.35,75.0,1
12.5,0.36,0.36,0.027000000000000003,6.74,3.28,98.0,1
11.5,0.34,0.59,0.04,6.68,3.32,105.0,1
9.9,0.49,0.32,0.027999999999999997,9.030000000000001,2.91,18.0,0
9.2,0.03,0.38,0.043,6.06,3.34,66.0,0
12.4,0.36,0.4,0.033,7.25,3.11,128.0,1
10.3,0.25,0.66,0.032,7.55,2.93,97.0,1
12.5,0.41,0.78,0.026000000000000002,7.96,3.02,111.0,0
10.8,0.21,0.52,0.055,6.76,3.15,114.0,0
9.2,0.32,0.38,0.057999999999999996,7.12,3.29,67.0,0
12.5,0.49,0.46,0.031,7.82,3.07,65.0,0
10.2,0.32,0.5,0.038,6.65,3.14,123.0,0
10.4,0.32,0.5,0.046,7.25,3.25,189.0,0
12.4,0.25,0.5,0.055,6.720000000000001,3.27,110.0,1
10.0,0.35,0.36,0.039,8.66,2.96,123.0,0
12.6,0.38,0.37,0.045,7.72,3.19,93.0,1
11.5,0.27,0.52,0.040999999999999995,7.369999999999999,3.04,88.0,1
12.0,0.33,0.58,0.034,6.64,3.38,61.0,1
12.4,0.02,0.44,0.036000000000000004,4.109999999999999,3.75,94.0,0
11.2,0.11,0.48,0.028999999999999998,5.7299999999999995,3.51,45.0,0
9.1,0.37,0.45,0.055,6.9799999999999995,3.08,107.0,0
11.7,0.36,0.32,0.034,8.569999999999999,3.04,76.0,1
12.2,0.24,0.38,0.031,7.53,2.9,57.0,0
9.8,0.28,0.47,0.047,7.6000000000000005,3.16,66.0,1
9.6,0.3,0.58,0.34600000000000003,6.57,3.29,121.0,0
11.2,0.42,0.72,0.043,6.43,3.13,83.0,1
11.0,0.23,0.5,0.038,6.2,3.15,77.0,0
12.5,0.3,0.52,0.039,5.96,3.48,75.0,1
9.0,0.3,0.52,0.062,6.9799999999999995,3.0,152.0,1
8.7,0.65,0.42,0.05,7.66,3.16,116.0,0
12.0,0.29,0.48,0.024,7.569999999999999,3.12,120.0,1
11.2,0.32,0.47,0.043,5.92,3.24,73.0,0
11.0,0.49,0.32,0.03,7.590000000000001,2.99,106.0,1
11.2,0.33,0.75,0.039,7.31,3.11,63.0,0
8.8,0.5,0.49,0.048,6.72,3.02,146.0,0
9.5,0.44,0.44,0.055999999999999994,7.1499999999999995,3.14,130.0,0
9.1,0.33,0.44,0.049,7.56,3.06,153.5,1
11.3,0.3,0.56,0.034,7.33,3.03,86.0,1
8.5,0.48,0.61,0.054000000000000006,6.68,2.98,127.0,0
9.1,0.25,0.4,0.055999999999999994,6.38,3.19,157.0,0
10.2,0.31,0.57,0.046,7.390000000000001,3.34,98.0,1
8.4,0.23,0.48,0.052000000000000005,6.51,3.16,79.0,0
11.7,0.33,0.39,0.039,7.180000000000001,3.07,82.0,0
10.6,0.35,0.38,0.042,8.94,3.08,60.0,0
9.3,0.24,0.5,0.054000000000000006,6.73,3.36,92.0,0
12.5,0.22,0.38,0.027000000000000003,5.43,3.51,71.0,1
12.0,0.39,0.38,0.036000000000000004,7.98,3.06,109.0,1
9.4,0.57,0.43,0.055999999999999994,6.83,2.96,90.0,0
9.7,0.24,0.57,0.031,6.58,3.39,140.0,1
10.5,0.23,0.51,0.034,5.56,3.82,112.0,1
12.2,0.28,0.46,0.03,7.38,3.16,166.0,1
9.7,0.25,0.37,0.048,6.88,3.12,70.0,0
10.7,0.3,0.46,0.043,7.03,3.17,76.0,1
13.2,0.16,0.53,0.036000000000000004,5.930000000000001,3.2,94.0,1
9.5,0.26,0.43,0.046,6.5,3.17,149.0,0
10.0,0.45,0.47,0.054000000000000006,7.77,3.15,81.0,0
9.1,0.54,0.45,0.049,7.58,3.06,100.5,0
12.3,0.44,0.76,0.047,7.54,3.01,93.0,0
10.7,0.26,0.72,0.024,7.15,3.16,99.0,1
11.1,0.25,0.44,0.03,6.45,3.3,70.0,1
9.7,0.62,0.67,0.04,8.72,2.98,131.0,0
8.7,0.33,0.44,0.051,6.68,3.28,115.0,1
9.0,0.26,0.52,0.046,7.48,3.1,131.0,0
11.9,0.45,0.48,0.045,7.25,3.16,78.0,1
11.0,0.25,0.42,0.046,7.35,3.2,131.0,1
11.4,0.32,0.45,0.036000000000000004,7.21,3.19,80.0,1
13.0,0.28,0.57,0.032,6.12,3.16,69.0,1
11.2,0.42,0.72,0.043,6.43,3.13,83.0,1
12.5,0.43,0.59,0.03,7.08,3.08,80.0,1
8.9,0.59,0.46,0.046,7.76,3.17,106.0,0
9.0,0.09,0.46,0.044000000000000004,8.115,3.15,159.0,0
11.3,0.49,0.36,0.028999999999999998,6.42,3.41,97.0,1
10.9,0.67,0.5,0.053,7.6499999999999995,3.19,90.0,0
9.5,0.21,0.48,0.05,6.66,3.23,131.0,0
9.6,0.31,0.48,0.034,7.17,3.36,98.0,1
11.6,0.34,0.45,0.040999999999999995,5.84,3.04,59.0,1
9.0,0.39,0.48,0.057999999999999996,7.430000000000001,2.98,143.0,1
12.7,0.37,0.84,0.026000000000000002,7.470000000000001,3.13,87.0,0
8.8,0.23,0.46,0.047,6.819999999999999,3.08,81.0,0
13.7,0.32,0.52,0.024,6.109999999999999,3.25,66.0,1
9.5,0.36,0.59,0.042,7.3,2.92,79.0,1
9.0,0.3,0.52,0.062,6.9799999999999995,3.0,152.0,1
11.6,0.36,0.57,0.038,6.88,3.29,79.0,0
11.9,0.5,0.53,0.038,6.71,3.18,69.0,1
9.5,0.47,0.45,0.049,6.3999999999999995,3.19,137.0,0
10.1,0.25,0.34,0.039,6.79,3.31,88.0,0
9.0,0.37,0.38,0.063,7.52,2.89,143.0,0
11.7,0.36,0.5,0.044000000000000004,6.525,3.15,46.0,1
13.5,0.37,0.43,0.040999999999999995,7.54,3.07,93.0,1
11.2,0.36,0.37,0.028999999999999998,7.16,3.11,70.0,1
9.5,0.49,0.45,0.046,10.110000000000001,3.18,106.0,0
11.5,0.57,0.36,0.043,6.48,3.17,42.0,0
13.1,0.32,0.37,0.026000000000000002,6.49,3.31,99.0,1
10.6,0.28,0.47,0.032,7.69,3.1,95.0,0
10.4,0.28,0.35,0.018000000000000002,9.0,2.97,54.0,0
10.9,0.36,0.68,0.046,5.88,3.7,62.0,1
11.2,0.49,0.47,0.055,7.5600000000000005,3.23,132.0,0
10.4,0.66,0.43,0.043,5.8,2.98,97.0,1
9.1,0.3,0.49,0.053,7.590000000000001,3.14,180.5,1
11.9,0.33,0.84,0.027999999999999997,5.355,3.3,46.0,1
10.8,0.29,0.74,0.037000000000000005,6.12,3.13,75.0,1
11.1,0.29,0.36,0.034,6.02,3.14,55.0,1
9.5,0.26,0.55,0.040999999999999995,7.23,3.22,69.0,0
11.7,0.31,0.66,0.038,6.640000000000001,3.37,73.0,1
9.8,0.24,0.54,0.04,7.029999999999999,3.14,105.0,0
9.4,0.18,0.52,0.044000000000000004,6.41,3.14,94.0,0
10.1,0.23,0.69,0.034,6.99,3.23,133.0,0
9.9,0.44,0.48,0.04,9.16,3.19,112.0,0
10.3,0.39,0.53,0.043,5.79,3.23,50.0,0
10.7,0.33,0.62,0.037000000000000005,7.98,3.39,123.0,1
11.0,0.3,0.64,0.059000000000000004,7.04,3.46,128.0,1
10.0,0.19,0.37,0.040999999999999995,7.92,3.23,88.0,0
10.9,0.32,0.55,0.027999999999999997,6.62,3.13,68.0,1
11.3,0.35,0.72,0.03,6.77,3.22,45.0,0
8.7,0.3,0.41,0.043,7.59,3.06,192.0,0
11.2,0.32,0.41,0.032,6.5,3.28,100.0,1
9.2,0.32,0.45,0.063,7.885,3.0,169.0,0
8.7,0.56,0.46,0.043,7.300000000000001,3.14,102.0,0
11.0,0.27,0.38,0.021,7.909999999999999,3.08,99.0,1
9.2,0.26,0.37,0.048,7.55,3.12,155.0,0
10.5,0.3,0.61,0.042,7.35,3.43,97.0,0
10.4,0.39,0.48,0.063,7.140000000000001,3.31,118.0,1
10.9,0.4,0.39,0.027999999999999997,8.1,3.14,99.0,1
10.0,0.19,0.41,0.039,5.815,3.54,61.0,1
10.8,0.37,0.46,0.027999999999999997,7.17,3.3,49.0,1
12.1,0.34,0.48,0.027999999999999997,7.970000000000001,2.99,142.0,1
8.7,0.68,0.41,0.042,7.8,3.05,104.0,0
11.7,0.29,0.36,0.038,7.15,3.01,48.0,1
8.8,0.25,0.37,0.05,6.72,3.3,94.0,0
11.1,0.49,0.3,0.049,7.73,3.14,148.0,1
10.3,0.24,0.61,0.040999999999999995,6.1,3.61,50.0,1
12.2,0.22,0.44,0.037000000000000005,5.68,3.46,76.0,0
8.6,0.39,0.36,0.057,7.54,3.21,104.0,0
9.6,0.4,0.42,0.049,7.44,3.34,135.0,0
9.4,0.32,0.44,0.057,7.11,3.55,85.0,1
9.0,0.4,0.46,0.059000000000000004,7.805,2.99,126.0,0
11.0,0.18,0.4,0.031,6.06,3.42,74.0,1
9.0,0.38,0.37,0.046,6.7,3.1,157.0,0
12.8,0.39,0.36,0.03,4.720000000000001,3.46,96.0,1
12.6,0.3,0.46,0.025,7.529999999999999,3.18,123.0,0
11.5,0.32,0.74,0.037000000000000005,6.64,3.4,71.0,1
11.9,0.45,0.48,0.045,7.25,3.16,78.0,1
9.7,0.17,0.36,0.049,7.35,3.13,112.0,0
12.6,0.3,0.63,0.027999999999999997,7.109999999999999,3.13,89.0,1
9.0,0.32,0.36,0.035,6.86,2.88,138.0,0
12.6,0.31,0.62,0.03,7.140000000000001,3.29,63.0,1
12.2,0.3,0.42,0.04,7.36,3.33,103.0,1
9.5,0.33,0.48,0.057,6.95,3.02,121.0,1
9.0,0.57,0.68,0.053,8.27,3.12,116.0,0
9.8,0.36,0.45,0.05,8.19,3.15,68.0,1
8.8,0.37,0.39,0.052000000000000005,6.909999999999999,3.24,151.0,0
11.5,0.24,0.31,0.027000000000000003,5.81,3.3,113.0,1
11.0,0.3,0.51,0.033,8.48,3.02,37.0,0
9.5,0.54,0.61,0.046,7.29,3.05,175.0,0
10.7,0.27,0.34,0.03,5.859999999999999,3.4,92.0,1
9.8,0.29,0.46,0.05,7.22,3.29,66.0,0
8.8,0.41,0.44,0.055999999999999994,6.890000000000001,3.2,80.0,0
11.2,0.36,0.37,0.042,8.09,3.26,123.0,1
9.3,0.44,0.57,0.05,6.8999999999999995,3.19,195.0,0
11.0,0.35,0.49,0.037000000000000005,7.2,3.13,72.0,0
11.4,0.33,0.43,0.027000000000000003,5.359999999999999,3.35,67.0,1
10.1,0.24,0.47,0.040999999999999995,6.73,3.29,80.0,0
9.0,0.35,0.57,0.067,6.78,3.15,119.0,0
9.0,0.27,0.38,0.076,7.05,3.05,107.0,0
12.4,0.37,0.54,0.03,8.31,3.17,74.0,1
9.2,0.48,0.45,0.052000000000000005,6.35,3.07,69.0,0
12.1,0.34,0.48,0.04,6.78,3.28,92.0,1
9.3,0.28,0.51,0.037000000000000005,5.95,3.24,84.0,0
10.6,0.4,0.4,0.055,8.2,3.18,126.0,1
12.6,0.27,0.51,0.024,6.39,3.21,63.0,1
10.1,0.22,0.46,0.048,6.28,3.2,121.0,0
10.1,0.34,0.44,0.040999999999999995,6.3,3.14,163.0,0
9.3,0.3,0.4,0.212,6.59,3.1,90.0,0
12.2,0.3,0.46,0.048,5.3999999999999995,3.29,110.0,0
11.5,0.17,0.35,0.035,5.37,3.27,88.0,0
9.5,0.56,0.68,0.044000000000000004,10.92,2.87,144.0,0
9.1,0.47,0.5,0.11,6.25,3.09,124.0,0
